loan_id,member_id,loan_type,original_amount,interest_rate,term_months,origination_date,loan_status
LN-0000001,MBR-001033,Mortgage,195535.6,6.2,360,2021-04-15,Current
LN-0000002,MBR-000847,Mortgage,292041.21,6.89,240,2021-11-12,Current
LN-0000003,MBR-000847,Credit Card,1777.32,12.55,0,2023-04-27,Current
LN-0000004,MBR-000145,Auto Loan,26940.54,5.73,72,2020-06-27,Delinquent
LN-0000005,MBR-000738,Personal Loan,13576.43,16.28,24,2021-10-13,Default
LN-0000006,MBR-000560,Student Loan,37656.63,14.31,180,2020-03-04,Current
LN-0000007,MBR-000614,Student Loan,42753.49,11.43,120,2021-07-26,Delinquent
LN-0000008,MBR-000611,Personal Loan,4309.59,4.19,36,2018-08-06,Current
LN-0000009,MBR-000738,Personal Loan,9053.53,4.66,48,2019-10-16,Current
LN-0000010,MBR-001108,Student Loan,72673.5,,120,2023-07-14,Current
LN-0000011,MBR-000209,Credit Card,1946.08,4.71,0,2023-03-11,Delinquent
LN-0000012,MBR-000040,Auto Loan,53910.15,13.71,72,2022-05-13,Current
LN-0000013,MBR-000760,Student Loan,28634.53,16.84,180,2018-12-07,Delinquent
LN-0000014,MBR-000374,Personal Loan,8529.93,15.01,36,2018-09-01,Current
LN-0000015,MBR-000104,Auto Loan,14326.65,6.61,48,2021-11-22,Paid Off
LN-0000016,MBR-000696,Auto Loan,24103.61,17.36,72,2019-02-14,Delinquent
LN-0000017,MBR-001128,Auto Loan,28170.34,14.28,60,2018-04-25,Paid Off
LN-0000018,MBR-000805,Auto Loan,46619.69,6.64,60,2018-02-19,Current
LN-0000019,MBR-000259,Student Loan,70871.52,9.71,240,2021-03-10,Current
LN-0000020,MBR-000454,Student Loan,30260.81,12.42,120,2024-02-13,Current
LN-0000021,MBR-001162,Personal Loan,2096.91,9.12,12,2018-08-31,Current
LN-0000022,MBR-000040,Personal Loan,11283.36,16.75,12,2018-10-29,Current
LN-0000023,MBR-000495,Student Loan,42571.54,13.57,120,2020-06-11,Delinquent
LN-0000024,MBR-000768,credit card,797.41,9.19,0,2022-03-25,Delinquent
LN-0000025,MBR-000330,Mortgage,386523.64,3.33,180,2022-04-04,Current
LN-0000026,MBR-000941,Mortgage,147994.99,3.28,180,2024-06-03,Delinquent
LN-0000027,MBR-000196,Auto Loan,50022.04,3.96,36,2022-09-24,Default
LN-0000028,MBR-001108,Mortgage,233181.68,4.14,180,2019-09-13,Paid Off
LN-0000029,MBR-000279,Mortgage,82403.23,7.03,240,2023-02-13,Current
LN-0000030,MBR-001113,Personal Loan,21573.04,15.98,12,2019-12-02,Current
LN-0000031,MBR-000096,Auto Loan,56060.36,9.58,48,2018-02-04,Paid Off
LN-0000032,MBR-000160,Auto Loan,64048.29,16.4,48,2018-01-05,Paid Off
LN-0000033,MBR-000463,Home Equity,89348.65,6.12,120,2019-11-21,Current
LN-0000034,MBR-000723,Student Loan,44332.47,5.31,240,2023-06-26,Delinquent
LN-0000035,MBR-000230,Mortgage,158231.32,4.67,360,2024-03-05,Current
LN-0000036,MBR-000964,Auto Loan,47371.72,9.03,36,2018-07-26,Delinquent
LN-0000037,MBR-000443,Auto Loan,63808.1,12.33,48,2023-09-14,Paid Off
LN-0000038,MBR-000680,student loan,28324.38,4.27,120,2023-10-06,Current
LN-0000039,MBR-000364,Mortgage,307565.51,5.41,360,2020-07-25,Current
LN-0000040,MBR-000571,Personal Loan,7690.27,6.57,24,2023-11-20,Delinquent
LN-0000041,MBR-001183,Mortgage,152624.74,3.05,180,2018-02-23,Current
LN-0000042,MBR-000306,Auto Loan,15478.43,13.9,72,2022-01-11,Default
LN-0000043,MBR-000398,Auto Loan,52280.23,5.39,36,2022-09-08,Current
LN-0000044,MBR-000118,Personal Loan,20033.13,6.85,48,2023-02-15,Current
LN-0000045,MBR-000460,Auto Loan,12049.15,3.83,48,2024-09-16,Current
LN-0000046,MBR-000152,Personal Loan,10074.88,12.32,24,2024-07-12,Delinquent
LN-0000047,MBR-000540,Auto Loan,63025.57,11.35,60,2018-10-01,Current
LN-0000048,MBR-000416,Student Loan,36484.97,3.7,120,2022-02-11,Current
LN-0000049,MBR-000806,Personal Loan,19075.43,16.42,48,2020-08-15,Delinquent
LN-0000050,MBR-000807,Personal Loan,2450.67,11.93,36,2021-05-15,Delinquent
LN-0000051,MBR-000628,Mortgage,149768.87,4.01,240,2021-11-09,Current
LN-0000052,MBR-000266,Credit Card,6087.43,9.79,0,2018-12-29,Current
LN-0000053,MBR-000282,Student Loan,60413.3,17.14,240,2021-08-06,Current
LN-0000054,MBR-000081,Mortgage,262407.16,7.44,360,2019-02-06,Delinquent
LN-0000055,MBR-000638,Student Loan,58341.18,13.04,240,2022-04-07,Current
LN-0000056,MBR-000275,Home Equity,144924.77,7.59,120,2020-02-04,Paid Off
LN-0000057,MBR-000503,Auto Loan,19531.49,15.32,48,2018-11-14,Current
LN-0000058,MBR-000831,Auto Loan,63867.86,7.37,72,2022-05-19,Paid Off
LN-0000059,MBR-000929,Personal Loan,18090.55,13.95,36,2021-10-06,Paid Off
LN-0000060,MBR-000968,Student Loan,25314.09,9.11,240,2024-09-01,Delinquent
LN-0000061,MBR-000575,Auto Loan,-18093.74,7.64,36,2024-01-03,Delinquent
LN-0000062,MBR-000628,Mortgage,381463.4,3.83,240,2024-09-06,Current
LN-0000063,MBR-000619,Credit Card,3135.0,15.88,0,2018-02-25,Current
LN-0000064,MBR-000244,Auto Loan,29933.94,17.03,60,2018-08-04,Paid Off
LN-0000065,MBR-000508,Credit Card,2782.49,9.52,0,2021-05-17,Delinquent
LN-0000066,MBR-000928,Mortgage,161403.97,,180,2019-03-04,Paid Off
LN-0000067,MBR-000250,Personal Loan,13739.93,8.67,24,2019-08-05,Paid Off
LN-0000068,MBR-001141,Auto Loan,16915.85,8.76,60,2019-12-23,Current
LN-0000069,MBR-001021,Auto Loan,36341.54,12.82,48,2018-04-14,Delinquent
LN-0000070,MBR-000303,auto loan,33348.45,10.07,72,2022-06-28,Delinquent
LN-0000071,MBR-000571,Student Loan,53427.91,4.18,240,2022-01-02,Delinquent
LN-0000072,MBR-000753,Personal Loan,13459.46,17.77,12,2018-04-14,Paid Off
LN-0000073,MBR-000135,Personal Loan,8674.93,13.11,24,2019-05-07,Current
LN-0000074,MBR-000253,Credit Card,3655.44,9.27,0,2023-07-18,Paid Off
LN-0000075,MBR-000709,Personal Loan,4700.19,14.75,24,2018-04-20,Current
LN-0000076,MBR-000505,Personal Loan,18259.28,17.51,36,2020-05-23,Paid Off
LN-0000077,MBR-000907,Auto Loan,43109.07,16.46,48,2018-01-06,Current
LN-0000078,MBR-000455,Credit Card,3769.78,6.79,0,2018-12-23,Current
LN-0000079,MBR-000101,Mortgage,249872.44,5.3,240,2024-10-22,Current
LN-0000080,MBR-000410,Personal Loan,3368.09,10.63,24,2022-06-12,Current
LN-0000081,MBR-000456,Credit Card,8595.0,11.62,0,2019-01-03,Paid Off
LN-0000082,MBR-000537,Mortgage,175560.14,4.81,180,2021-08-21,Current
LN-0000083,MBR-000444,Student Loan,78685.37,5.55,120,2023-09-14,Current
LN-0000084,MBR-000316,Personal Loan,24769.35,15.94,24,2020-01-25,Current
LN-0000085,MBR-000692,Auto Loan,45397.11,16.55,48,2023-05-16,Default
LN-0000086,MBR-000114,Auto Loan,46969.43,10.63,36,2020-08-25,Current
LN-0000087,MBR-000625,Credit Card,9971.42,8.2,0,2018-10-21,Current
LN-0000088,MBR-000588,Home Equity,45947.21,15.51,120,2022-02-05,Current
LN-0000089,MBR-000741,Personal Loan,14648.25,15.09,12,2022-02-17,Current
LN-0000090,MBR-000701,Personal Loan,7518.86,11.76,12,2024-06-18,Delinquent
LN-0000091,MBR-001121,Personal Loan,20316.49,4.37,12,2019-07-16,Current
LN-0000092,MBR-000146,Mortgage,321250.72,3.43,360,2019-01-03,Current
LN-0000093,MBR-000881,Student Loan,51522.82,10.21,240,2023-02-03,Current
LN-0000094,MBR-000338,Personal Loan,22436.71,6.85,24,2019-06-25,Current
LN-0000095,MBR-000695,Home Equity,145117.69,11.25,120,2024-02-10,Current
LN-0000096,MBR-001171,Student Loan,57371.27,7.98,120,2024-10-04,Current
LN-0000097,MBR-001050,Home Equity,121061.09,12.74,60,2020-08-13,Current
LN-0000098,MBR-000049,credit card,7551.2,8.98,0,2024-04-25,Current
LN-0000099,MBR-000103,Auto Loan,31989.3,11.64,72,2021-06-08,Current
LN-0000100,MBR-001173,Personal Loan,11803.33,7.99,12,2022-09-16,Delinquent
LN-0000101,MBR-000070,Auto Loan,26845.67,3.83,48,2021-12-16,Current
LN-0000102,MBR-000791,Student Loan,47378.47,12.44,180,2022-12-13,Current
LN-0000103,MBR-001166,Home Equity,45069.92,6.49,180,2022-02-28,Current
LN-0000104,MBR-000331,Mortgage,251188.84,6.03,240,2021-05-12,Current
LN-0000105,MBR-001075,Mortgage,287048.71,5.56,240,2022-05-31,Current
LN-0000106,MBR-000677,Credit Card,13182.56,17.16,0,2020-06-25,Current
LN-0000107,MBR-000249,Personal Loan,23272.07,12.04,24,2020-11-24,Current
LN-0000108,MBR-000840,Auto Loan,37972.0,13.3,48,2019-08-22,Current
LN-0000109,MBR-000977,Home Equity,44501.05,11.85,180,2023-11-10,Current
LN-0000110,MBR-000017,Student Loan,62018.66,9.96,120,2019-12-11,Current
LN-0000111,MBR-001063,Personal Loan,7889.57,13.79,48,2022-02-26,Current
LN-0000112,MBR-000077,Auto Loan,10445.91,7.53,72,2021-05-31,Current
LN-0000113,MBR-000112,Credit Card,2550.81,14.19,0,2019-03-13,Current
LN-0000114,MBR-000806,Credit Card,8167.09,12.13,0,2021-09-16,Current
LN-0000115,MBR-001138,Student Loan,77813.93,4.64,240,2024-11-01,Current
LN-0000116,MBR-000388,Auto Loan,26653.6,9.12,36,2018-10-24,Current
LN-0000117,MBR-000608,Credit Card,3262.16,9.41,0,2018-05-18,Default
LN-0000118,MBR-000833,Auto Loan,14143.54,7.87,72,2024-07-01,Current
LN-0000119,MBR-001107,Credit Card,973.71,14.98,0,2019-07-31,Current
LN-0000120,MBR-000314,Credit Card,9980.37,12.88,0,2022-11-30,Paid Off
LN-0000121,MBR-000619,Auto Loan,26156.61,5.75,60,2018-07-12,Current
LN-0000122,MBR-000801,Personal Loan,11762.94,8.38,24,2020-03-25,Current
LN-0000123,MBR-000020,Auto Loan,-15663.2,,36,2020-06-01,Current
LN-0000124,MBR-000837,Personal Loan,2625.3,13.54,48,2023-02-12,Current
LN-0000125,MBR-000980,Mortgage,208528.18,6.66,180,2018-08-21,Current
LN-0000126,MBR-000355,Student Loan,60103.71,11.56,180,2023-06-21,Current
LN-0000127,MBR-000270,Auto Loan,38790.47,10.15,36,2019-01-08,Current
LN-0000128,MBR-000600,Auto Loan,29278.09,9.87,72,2020-11-26,Delinquent
LN-0000129,MBR-000976,Mortgage,335664.01,4.45,240,2022-08-23,Current
LN-0000130,MBR-000541,Auto Loan,28506.36,11.35,72,2019-09-24,Delinquent
LN-0000131,MBR-000132,Auto Loan,26049.5,4.08,60,2022-04-28,Current
LN-0000132,MBR-000302,Student Loan,41410.08,12.59,180,2024-06-06,Delinquent
LN-0000133,MBR-000177,Student Loan,13941.94,10.14,240,2018-06-21,Current
LN-0000134,MBR-000103,Home Equity,135265.48,16.53,120,2018-07-22,Default
LN-0000135,MBR-000462,Mortgage,210433.06,5.64,360,2020-10-28,Delinquent
LN-0000136,MBR-000225,Personal Loan,5143.92,5.56,48,2022-05-08,Delinquent
LN-0000137,MBR-000044,Personal Loan,7942.27,5.59,48,2019-12-23,Current
LN-0000138,MBR-000784,Credit Card,3289.19,6.33,0,2024-01-20,Delinquent
LN-0000139,MBR-000038,Personal Loan,21174.83,10.74,36,2018-02-18,Current
LN-0000140,MBR-000774,Credit Card,10423.14,4.53,0,2020-02-16,Delinquent
LN-0000141,MBR-000373,Personal Loan,16231.86,6.53,36,2022-08-24,Current
LN-0000142,MBR-000350,Auto Loan,28445.49,5.73,72,2018-11-26,Paid Off
LN-0000143,MBR-000275,Auto Loan,29026.47,14.01,48,2019-09-11,Current
LN-0000144,MBR-000841,Auto Loan,16643.18,8.11,72,2020-08-10,Current
LN-0000145,MBR-000837,Auto Loan,43478.11,7.8,48,2018-06-25,Current
LN-0000146,MBR-000056,Mortgage,283953.19,3.44,180,2019-03-15,Current
LN-0000147,MBR-001176,Mortgage,394866.84,6.17,180,2018-09-21,Delinquent
LN-0000148,MBR-000355,Credit Card,5895.64,7.79,0,2022-03-06,Current
LN-0000149,MBR-000823,Auto Loan,8480.86,14.57,36,2023-12-15,Current
LN-0000150,MBR-000626,Credit Card,12638.99,13.27,0,2022-05-10,Current
LN-0000151,MBR-001075,Personal Loan,20965.8,11.05,48,2022-07-04,Current
LN-0000152,MBR-000244,Mortgage,347961.57,3.98,360,2020-01-09,Current
LN-0000153,MBR-000367,Auto Loan,18432.24,7.93,36,2018-07-06,Current
LN-0000154,MBR-000231,Auto Loan,35679.06,10.91,36,2019-01-04,Current
LN-0000155,MBR-000569,Mortgage,274933.0,5.93,360,2020-03-26,Current
LN-0000156,MBR-000865,Personal Loan,18700.01,14.3,12,2018-09-13,Current
LN-0000157,MBR-000397,Mortgage,149764.26,3.43,240,2018-07-10,Current
LN-0000158,MBR-000482,Mortgage,80707.07,4.6,360,2019-10-25,Paid Off
LN-0000159,MBR-001157,Credit Card,1405.49,10.04,0,2019-11-03,Delinquent
LN-0000160,MBR-000364,Credit Card,14897.68,6.5,0,2020-04-14,Current
LN-0000161,MBR-000689,Mortgage,406810.94,7.34,240,2019-12-27,Current
LN-0000162,MBR-000223,Auto Loan,12239.98,5.75,48,2020-04-03,Paid Off
LN-0000163,MBR-001041,Home Equity,45213.78,16.52,120,2024-09-23,Delinquent
LN-0000164,MBR-000041,Personal Loan,22495.67,10.65,12,2018-06-27,Current
LN-0000165,MBR-000013,Mortgage,425702.98,5.35,360,2020-12-27,Current
LN-0000166,MBR-000840,Auto Loan,60338.59,13.57,60,2024-08-27,Current
LN-0000167,MBR-000613,Personal Loan,12939.49,14.15,12,2019-09-10,Delinquent
LN-0000168,MBR-001094,Personal Loan,5099.56,16.11,12,2019-07-21,Current
LN-0000169,MBR-000333,Personal Loan,6364.38,7.46,48,2018-02-06,Delinquent
LN-0000170,MBR-000047,Personal Loan,16057.64,5.57,48,2022-09-29,Current
LN-0000171,MBR-000812,Personal Loan,14498.46,11.52,48,2021-06-11,Delinquent
LN-0000172,MBR-001170,Auto Loan,23720.58,17.33,48,2024-10-27,Delinquent
LN-0000173,MBR-000592,Credit Card,8025.32,12.63,0,2022-06-21,Delinquent
LN-0000174,MBR-000600,Credit Card,8238.71,7.35,0,2018-02-10,Delinquent
LN-0000175,MBR-000021,Personal Loan,5101.63,15.62,12,2019-11-03,Current
LN-0000176,MBR-001133,Mortgage,102646.42,6.78,180,2021-01-13,Current
LN-0000177,MBR-000002,Mortgage,279660.87,5.5,360,2018-06-18,Current
LN-0000178,MBR-000971,Auto Loan,56712.8,17.93,60,2022-08-31,Paid Off
LN-0000179,MBR-000759,Student Loan,8543.25,6.59,240,2021-11-13,Delinquent
LN-0000180,MBR-000729,Mortgage,86396.34,7.36,240,2022-05-06,Current
LN-0000181,MBR-000898,Student Loan,54872.48,16.51,180,2022-11-05,Current
LN-0000182,MBR-000040,Home Equity,86660.63,5.85,180,2018-05-24,Current
LN-0000183,MBR-000252,Auto Loan,23468.85,7.79,60,2019-06-23,Current
LN-0000184,MBR-000703,Student Loan,46896.96,16.97,180,2019-11-07,Current
LN-0000185,MBR-000240,Personal Loan,9260.63,12.16,48,2019-07-15,Current
LN-0000186,MBR-000371,Auto Loan,8451.12,6.92,60,2022-12-06,Delinquent
LN-0000187,MBR-000622,Mortgage,333351.69,4.47,360,2020-07-01,Current
LN-0000188,MBR-000475,Mortgage,195639.73,5.2,180,2019-07-16,Current
LN-0000189,MBR-000116,Auto Loan,22200.8,5.35,48,2019-01-10,Paid Off
LN-0000190,MBR-000294,Mortgage,251426.34,3.71,240,2024-01-05,Current
LN-0000191,MBR-000658,Mortgage,143258.6,5.63,240,2019-11-29,Delinquent
LN-0000192,MBR-000832,Auto Loan,36634.35,10.59,36,2023-01-12,Current
LN-0000193,MBR-000097,Personal Loan,15382.87,7.25,48,2021-06-12,Current
LN-0000194,MBR-000290,Auto Loan,57809.17,14.11,60,2019-04-05,Default
LN-0000195,MBR-001170,Personal Loan,7238.98,15.79,24,2018-05-31,Current
LN-0000196,MBR-000256,Mortgage,235875.56,6.93,180,2020-04-03,Current
LN-0000197,MBR-000875,Student Loan,43473.49,10.84,120,2024-03-30,Current
LN-0000198,MBR-000020,Auto Loan,39626.56,6.17,36,2021-07-07,Current
LN-0000199,MBR-000436,Student Loan,59670.39,10.5,240,2018-07-24,Current
LN-0000200,MBR-000980,Auto Loan,23915.33,9.03,36,2023-05-17,Current
LN-0000201,MBR-000134,Student Loan,21836.29,15.3,120,2024-08-04,Current
LN-0000202,MBR-000537,Student Loan,30609.13,12.34,240,2024-07-27,Delinquent
LN-0000203,MBR-001135,Personal Loan,6469.0,3.75,24,2021-10-26,Current
LN-0000204,MBR-001070,Auto Loan,24386.92,12.93,72,2021-02-08,Delinquent
LN-0000205,MBR-000938,Mortgage,242074.96,5.52,240,2023-07-02,Current
LN-0000206,MBR-001062,Home Equity,128749.25,4.24,60,2018-10-20,Current
LN-0000207,MBR-000152,Credit Card,4838.98,11.34,0,2018-12-02,Current
LN-0000208,MBR-000538,Student Loan,65816.39,14.95,120,2022-10-09,Current
LN-0000209,MBR-001072,Auto Loan,18386.84,6.66,36,2020-05-09,Current
LN-0000210,MBR-000168,Mortgage,305609.2,7.44,360,2018-11-23,Current
LN-0000211,MBR-000047,Home Equity,98321.34,16.8,180,2024-06-04,Current
LN-0000212,MBR-000097,Personal Loan,4547.37,15.99,48,2024-07-24,Current
LN-0000213,MBR-000642,Home Equity,-87692.24,3.8,180,2023-03-19,Paid Off
LN-0000214,MBR-000260,Home Equity,17696.65,,60,2024-06-15,Current
LN-0000215,MBR-001091,Auto Loan,40689.8,10.38,48,2021-07-14,Current
LN-0000216,MBR-001088,Personal Loan,13840.28,4.97,12,2018-06-24,Current
LN-0000217,MBR-000945,Auto Loan,11971.69,8.48,72,2020-04-22,Current
LN-0000218,MBR-000715,Mortgage,301846.03,5.56,180,2021-12-17,Current
LN-0000219,MBR-001116,Personal Loan,21971.56,14.39,48,2019-01-06,Current
LN-0000220,MBR-000685,Credit Card,12395.96,6.97,0,2024-05-15,Current
LN-0000221,MBR-000595,Auto Loan,62521.57,12.39,48,2023-09-13,Paid Off
LN-0000222,MBR-000325,Mortgage,236074.96,6.45,240,2022-08-06,Current
LN-0000223,MBR-000774,Credit Card,4218.16,15.35,0,2018-11-10,Current
LN-0000224,MBR-000663,Mortgage,155752.95,5.41,360,2021-05-12,Current
LN-0000225,MBR-000077,Auto Loan,39932.34,3.52,72,2020-05-26,Current
LN-0000226,MBR-001043,Credit Card,4317.81,7.26,0,2023-01-31,Current
LN-0000227,MBR-000433,Student Loan,48150.84,11.84,120,2022-09-10,Current
LN-0000228,MBR-000008,Mortgage,144059.29,5.41,240,2023-09-17,Current
LN-0000229,MBR-000230,Credit Card,3938.38,15.56,0,2024-01-12,Delinquent
LN-0000230,MBR-000545,Credit Card,808.46,17.53,0,2019-03-09,Delinquent
LN-0000231,MBR-000072,Auto Loan,61985.33,12.06,36,2023-09-09,Current
LN-0000232,MBR-001049,auto loan,21340.08,9.37,72,2023-01-16,Current
LN-0000233,MBR-000026,Mortgage,121705.32,7.28,180,2023-10-01,Delinquent
LN-0000234,MBR-000262,Personal Loan,9368.34,14.92,12,2020-12-09,Current
LN-0000235,MBR-000175,Mortgage,347939.63,4.6,240,2019-07-03,Current
LN-0000236,MBR-001014,Home Equity,128246.86,7.45,180,2020-05-31,Current
LN-0000237,MBR-000155,Auto Loan,35515.11,12.43,36,2019-08-15,Current
LN-0000238,MBR-001143,Personal Loan,18865.81,17.75,48,2020-04-18,Current
LN-0000239,MBR-000296,Auto Loan,8797.36,15.57,48,2019-12-08,Current
LN-0000240,MBR-000395,Personal Loan,-13620.17,4.94,48,2020-05-31,Current
LN-0000241,MBR-000348,Auto Loan,61008.12,14.8,36,2024-09-01,Current
LN-0000242,MBR-000278,Auto Loan,28542.29,9.43,36,2018-02-10,Current
LN-0000243,MBR-001014,Auto Loan,27011.69,15.07,36,2018-04-17,Delinquent
LN-0000244,MBR-000071,Home Equity,38174.8,4.86,60,2024-01-24,Delinquent
LN-0000245,MBR-000155,Home Equity,81907.93,6.19,60,2020-11-05,Current
LN-0000246,MBR-000230,Student Loan,13321.95,5.92,120,2023-04-26,Default
LN-0000247,MBR-000297,Credit Card,11513.86,7.75,0,2020-01-23,Current
LN-0000248,MBR-000371,Auto Loan,41499.65,14.45,48,2018-03-11,Current
LN-0000249,MBR-000972,Credit Card,5949.5,3.83,0,2022-09-20,Current
LN-0000250,MBR-000964,Personal Loan,16637.1,12.24,36,2024-04-01,Current
LN-0000251,MBR-000736,Mortgage,209779.56,4.72,180,2019-03-10,Current
LN-0000252,MBR-001191,Student Loan,11818.91,15.18,240,2022-07-16,Paid Off
LN-0000253,MBR-000848,auto loan,39692.15,14.97,72,2019-06-04,Current
LN-0000254,MBR-001077,Auto Loan,34002.63,3.84,48,2022-12-01,Delinquent
LN-0000255,MBR-001172,Auto Loan,24619.83,15.77,48,2018-12-18,Current
LN-0000256,MBR-001084,Student Loan,62640.12,17.16,120,2022-05-29,Current
LN-0000257,MBR-000668,Student Loan,25895.19,7.4,180,2021-01-12,Current
LN-0000258,MBR-001176,Student Loan,-35766.38,7.48,120,2019-08-30,Delinquent
LN-0000259,MBR-001007,Home Equity,115243.39,16.06,120,2021-09-08,Current
LN-0000260,MBR-000038,mortgage,219454.24,6.57,360,2022-07-10,Current
LN-0000261,MBR-001068,Mortgage,367913.62,,180,2020-10-29,Current
LN-0000262,MBR-000190,Personal Loan,19071.25,12.6,24,2019-07-23,Delinquent
LN-0000263,MBR-001090,Student Loan,48287.73,10.17,240,2018-07-03,Current
LN-0000264,MBR-000169,Student Loan,69995.06,,180,2020-11-22,Current
LN-0000265,MBR-001055,Auto Loan,20489.73,9.8,36,2020-09-27,Paid Off
LN-0000266,MBR-000652,Auto Loan,42435.36,12.86,60,2021-09-12,Current
LN-0000267,MBR-000038,Auto Loan,22807.13,15.79,36,2018-10-08,Current
LN-0000268,MBR-000062,Personal Loan,10001.48,11.83,36,2021-03-06,Current
LN-0000269,MBR-000304,Home Equity,27891.22,11.48,120,2018-03-07,Delinquent
LN-0000270,MBR-001039,Auto Loan,15853.05,,72,2024-09-09,Paid Off
LN-0000271,MBR-000801,Auto Loan,38260.07,10.76,36,2023-07-29,Current
LN-0000272,MBR-000735,Mortgage,-151281.75,4.4,180,2021-11-11,Paid Off
LN-0000273,MBR-000194,Student Loan,47001.03,5.52,240,2021-09-21,Current
LN-0000274,MBR-000362,Credit Card,14631.02,8.52,0,2021-03-20,Delinquent
LN-0000275,MBR-000952,Mortgage,161053.41,4.19,240,2018-04-07,Current
LN-0000276,MBR-000178,Auto Loan,49234.16,14.31,48,2020-04-01,Paid Off
LN-0000277,MBR-000875,Auto Loan,-13105.56,3.93,60,2023-12-21,Delinquent
LN-0000278,MBR-000666,Auto Loan,54449.11,16.42,60,2021-07-02,Current
LN-0000279,MBR-000296,Student Loan,36422.14,6.67,240,2021-05-13,Current
LN-0000280,MBR-000485,Auto Loan,36455.57,14.28,48,2021-06-20,Current
LN-0000281,MBR-000864,Auto Loan,64952.87,11.25,48,2021-07-25,Delinquent
LN-0000282,MBR-000376,Personal Loan,24684.78,10.89,48,2022-05-06,Paid Off
LN-0000283,MBR-000267,Auto Loan,12365.54,16.94,72,2022-08-02,Default
LN-0000284,MBR-000601,Personal Loan,20916.86,13.1,12,2020-04-30,Current
LN-0000285,MBR-001046,Personal Loan,14575.01,17.9,24,2019-05-30,Current
LN-0000286,MBR-000630,Home Equity,133625.19,14.43,180,2019-09-17,Paid Off
LN-0000287,MBR-000518,Mortgage,-357947.69,3.74,240,2024-06-12,Delinquent
LN-0000288,MBR-000580,Mortgage,112538.32,3.56,360,2023-07-13,Delinquent
LN-0000289,MBR-000511,Auto Loan,46115.34,6.89,48,2021-10-13,Delinquent
LN-0000290,MBR-000367,Home Equity,86311.74,7.52,120,2024-01-08,Current
LN-0000291,MBR-000712,Credit Card,12340.1,17.9,0,2019-01-09,Current
LN-0000292,MBR-000572,Auto Loan,49393.82,7.08,36,2019-05-01,Delinquent
LN-0000293,MBR-000869,Auto Loan,61920.18,10.7,36,2023-09-01,Current
LN-0000294,MBR-000413,Auto Loan,33463.14,15.51,36,2018-11-25,Current
LN-0000295,MBR-000973,Credit Card,3990.18,14.38,0,2019-02-10,Current
LN-0000296,MBR-000215,Credit Card,11486.22,16.32,0,2021-12-24,Delinquent
LN-0000297,MBR-001040,Auto Loan,41164.56,,72,2023-11-16,Current
LN-0000298,MBR-000422,Student Loan,30554.46,8.4,120,2019-05-04,Current
LN-0000299,MBR-000909,Mortgage,81281.35,3.62,240,2024-09-18,Delinquent
LN-0000300,MBR-000217,Personal Loan,14260.6,10.92,48,2019-09-26,Current
LN-0000301,MBR-000787,Auto Loan,35953.37,5.25,48,2023-06-11,Current
LN-0000302,MBR-000218,Credit Card,601.12,15.07,0,2024-02-27,Current
LN-0000303,MBR-000031,Auto Loan,22642.91,16.09,48,2019-07-07,Current
LN-0000304,MBR-000249,Personal Loan,1913.23,17.9,48,2024-03-08,Current
LN-0000305,MBR-000797,Credit Card,10392.48,8.67,0,2019-04-30,Current
LN-0000306,MBR-000291,Auto Loan,11130.37,,72,2021-05-06,Delinquent
LN-0000307,MBR-000446,Auto Loan,10645.98,17.14,60,2019-10-04,Current
LN-0000308,MBR-001103,Credit Card,8879.37,7.68,0,2023-08-24,Current
LN-0000309,MBR-000871,Mortgage,379511.14,6.66,240,2020-07-25,Current
LN-0000310,MBR-000747,Credit Card,10857.45,17.84,0,2022-07-14,Delinquent
LN-0000311,MBR-000676,Auto Loan,39347.19,4.86,60,2018-03-11,Delinquent
LN-0000312,MBR-000532,Credit Card,2754.29,10.83,0,2019-05-16,Current
LN-0000313,MBR-000228,Auto Loan,51914.42,16.63,72,2021-09-11,Delinquent
LN-0000314,MBR-001020,Mortgage,206305.48,4.17,240,2018-07-06,Delinquent
LN-0000315,MBR-000786,Auto Loan,24851.24,7.74,60,2021-02-21,Current
LN-0000316,MBR-000905,Auto Loan,34259.48,4.39,72,2019-05-17,Current
LN-0000317,MBR-000471,Personal Loan,18343.84,,48,2021-07-26,Current
LN-0000318,MBR-000906,Auto Loan,12155.07,7.87,60,2023-02-24,Delinquent
LN-0000319,MBR-000532,Credit Card,6219.19,11.16,0,2023-01-21,Current
LN-0000320,MBR-000854,Personal Loan,4266.56,9.96,48,2020-04-27,Current
LN-0000321,MBR-000693,Auto Loan,39263.92,16.85,72,2022-09-07,Delinquent
LN-0000322,MBR-000884,Home Equity,127845.91,12.31,120,2018-05-04,Delinquent
LN-0000323,MBR-000479,Auto Loan,47553.54,14.81,48,2020-11-29,Current
LN-0000324,MBR-000297,personal loan,14865.05,14.26,36,2024-09-07,Default
LN-0000325,MBR-000393,Home Equity,114612.0,9.47,60,2023-04-25,Current
LN-0000326,MBR-000522,Auto Loan,56480.69,12.01,36,2020-09-15,Default
LN-0000327,MBR-000431,Credit Card,11368.9,5.39,0,2020-01-09,Current
LN-0000328,MBR-000212,Auto Loan,12275.64,10.24,60,2023-07-01,Current
LN-0000329,MBR-000118,Credit Card,2785.41,16.3,0,2019-04-13,Current
LN-0000330,MBR-000067,Personal Loan,23559.93,15.62,12,2020-04-29,Current
LN-0000331,MBR-000847,Student Loan,78796.02,15.02,120,2019-01-27,Paid Off
LN-0000332,MBR-001015,Credit Card,1377.98,,0,2023-01-20,Current
LN-0000333,MBR-000165,Personal Loan,5656.44,16.36,12,2021-11-03,Delinquent
LN-0000334,MBR-000379,Personal Loan,12012.11,7.18,36,2022-03-24,Current
LN-0000335,MBR-001154,Auto Loan,33285.27,17.69,36,2024-01-21,Current
LN-0000336,MBR-000666,Auto Loan,16907.6,8.57,60,2019-03-22,Delinquent
LN-0000337,MBR-000324,Student Loan,41994.22,11.34,120,2019-10-18,Paid Off
LN-0000338,MBR-000098,Auto Loan,52027.03,15.35,36,2019-05-29,Default
LN-0000339,MBR-000352,Personal Loan,4988.91,12.85,36,2020-04-21,Current
LN-0000340,MBR-000048,Personal Loan,1013.69,15.96,48,2021-05-19,Delinquent
LN-0000341,MBR-000846,Credit Card,814.66,4.15,0,2019-02-28,Current
LN-0000342,MBR-000382,Credit Card,13609.72,14.76,0,2020-09-02,Current
LN-0000343,MBR-001198,Auto Loan,-59228.88,8.55,48,2020-10-09,Current
LN-0000344,MBR-000084,Auto Loan,29331.65,12.95,60,2021-11-10,Default
LN-0000345,MBR-000692,Auto Loan,53384.23,13.4,36,2020-07-14,Default
LN-0000346,MBR-000584,Home Equity,43100.42,6.31,60,2020-02-29,Default
LN-0000347,MBR-000874,Auto Loan,54275.21,3.89,48,2019-05-17,Current
LN-0000348,MBR-000332,Credit Card,1334.22,14.81,0,2021-07-06,Paid Off
LN-0000349,MBR-000242,Auto Loan,63117.91,9.32,36,2023-05-25,Current
LN-0000350,MBR-000031,Personal Loan,15287.14,16.07,12,2024-05-08,Current
LN-0000351,MBR-000272,Auto Loan,33441.3,13.69,36,2023-05-27,Current
LN-0000352,MBR-000562,Personal Loan,4627.47,15.87,48,2020-10-28,Current
LN-0000353,MBR-000872,Auto Loan,54093.14,6.81,36,2024-05-28,Current
LN-0000354,MBR-000646,credit card,4421.99,6.27,0,2018-09-15,Current
LN-0000355,MBR-000193,Auto Loan,49028.33,5.52,36,2021-05-11,Current
LN-0000356,MBR-000945,Mortgage,176543.48,5.72,180,2022-03-14,Delinquent
LN-0000357,MBR-001028,Mortgage,342032.51,4.14,360,2021-08-09,Delinquent
LN-0000358,MBR-000016,Personal Loan,14025.56,10.64,48,2023-07-12,Current
LN-0000359,MBR-000481,Credit Card,9039.22,17.8,0,2021-12-22,Current
LN-0000360,MBR-000957,Home Equity,104844.14,17.42,120,2018-08-23,Paid Off
LN-0000361,MBR-001080,Mortgage,386930.66,5.44,240,2022-11-26,Delinquent
LN-0000362,MBR-001041,Auto Loan,35488.54,13.05,48,2022-01-24,Current
LN-0000363,MBR-000765,Auto Loan,41379.33,5.95,48,2019-12-09,Current
LN-0000364,MBR-000723,Home Equity,104597.91,12.72,60,2021-05-13,Current
LN-0000365,MBR-000370,Mortgage,113536.68,7.26,180,2020-10-03,Paid Off
LN-0000366,MBR-000024,Credit Card,9279.53,13.0,0,2019-11-29,Default
LN-0000367,MBR-000538,Student Loan,71889.13,15.51,120,2024-07-06,Current
LN-0000368,MBR-000081,Auto Loan,21201.16,4.59,36,2024-06-12,Current
LN-0000369,MBR-000276,Auto Loan,55672.17,4.86,48,2022-04-15,Default
LN-0000370,MBR-001084,Auto Loan,35693.65,4.04,72,2021-02-24,Current
LN-0000371,MBR-000113,Personal Loan,11462.23,5.38,36,2020-06-13,Delinquent
LN-0000372,MBR-000667,Auto Loan,17887.46,7.43,36,2022-12-27,Delinquent
LN-0000373,MBR-000422,Student Loan,71454.43,14.9,120,2018-02-20,Current
LN-0000374,MBR-000892,Auto Loan,61505.4,13.87,72,2021-11-30,Current
LN-0000375,MBR-000942,Auto Loan,34782.5,16.47,60,2023-05-07,Paid Off
LN-0000376,MBR-000427,Credit Card,9263.87,6.11,0,2021-02-10,Default
LN-0000377,MBR-000205,Mortgage,243310.71,7.49,240,2024-05-01,Current
LN-0000378,MBR-000588,Mortgage,244759.64,4.2,240,2018-11-15,Delinquent
LN-0000379,MBR-000687,Credit Card,7764.26,9.14,0,2023-01-12,Current
LN-0000380,MBR-001098,Personal Loan,6409.47,15.71,24,2022-09-09,Current
LN-0000381,MBR-001057,Personal Loan,17946.35,4.42,12,2018-01-14,Current
LN-0000382,MBR-000641,Personal Loan,23646.56,6.03,48,2021-02-14,Current
LN-0000383,MBR-000067,Mortgage,161538.57,5.4,240,2022-10-17,Current
LN-0000384,MBR-000193,Auto Loan,33969.81,17.36,60,2021-02-03,Current
LN-0000385,MBR-000925,Credit Card,14463.77,8.6,0,2020-11-16,Paid Off
LN-0000386,MBR-000479,Personal Loan,23190.79,16.57,12,2022-02-15,Delinquent
LN-0000387,MBR-001060,Home Equity,92119.21,17.11,60,2023-01-29,Current
LN-0000388,MBR-001059,Personal Loan,1984.23,10.09,48,2018-03-25,Current
LN-0000389,MBR-000069,Personal Loan,1876.12,13.74,48,2020-12-29,Paid Off
LN-0000390,MBR-000990,Mortgage,326372.6,3.1,240,2023-04-14,Delinquent
LN-0000391,MBR-000375,Home Equity,71785.01,16.37,120,2024-06-11,Current
LN-0000392,MBR-000926,Mortgage,267614.68,4.48,360,2021-09-11,Delinquent
LN-0000393,MBR-000421,Mortgage,155609.62,6.06,180,2023-10-11,Delinquent
LN-0000394,MBR-000819,Auto Loan,56098.57,15.08,60,2018-03-31,Default
LN-0000395,MBR-000242,Home Equity,22922.17,12.89,180,2022-09-27,Delinquent
LN-0000396,MBR-000907,Auto Loan,30272.99,6.21,36,2018-10-13,Current
LN-0000397,MBR-000031,Personal Loan,23644.13,11.91,24,2023-09-16,Default
LN-0000398,MBR-000328,Personal Loan,14484.45,9.57,36,2020-04-15,Delinquent
LN-0000399,MBR-000013,Mortgage,384272.66,4.39,240,2019-12-04,Current
LN-0000400,MBR-001097,Home Equity,104757.25,17.6,60,2020-08-30,Paid Off
LN-0000401,MBR-000040,Auto Loan,28451.17,11.7,72,2023-01-16,Current
LN-0000402,MBR-001104,Personal Loan,1047.8,7.25,24,2021-01-17,Current
LN-0000403,MBR-000503,Credit Card,10611.93,14.85,0,2023-03-24,Delinquent
LN-0000404,MBR-000012,Personal Loan,10045.72,12.79,24,2019-04-12,Current
LN-0000405,MBR-000107,Auto Loan,-45078.01,7.16,48,2023-09-25,Current
LN-0000406,MBR-000235,Personal Loan,23485.98,17.67,48,2021-05-07,Current
LN-0000407,MBR-001105,Auto Loan,44515.45,16.06,36,2023-02-04,Current
LN-0000408,MBR-001127,Auto Loan,57596.77,7.79,60,2023-11-27,Current
LN-0000409,MBR-000302,Mortgage,324115.3,7.35,360,2020-01-24,Current
LN-0000410,MBR-001106,Auto Loan,61412.38,13.44,72,2019-03-28,Current
LN-0000411,MBR-000068,Mortgage,391048.61,4.08,180,2023-02-12,Current
LN-0000412,MBR-000399,Home Equity,134119.03,7.57,60,2021-08-28,Delinquent
LN-0000413,MBR-000685,Student Loan,56035.01,16.19,120,2018-11-29,Current
LN-0000414,MBR-000293,Auto Loan,45484.88,8.92,72,2024-09-09,Current
LN-0000415,MBR-000940,Personal Loan,1214.92,11.49,36,2024-05-23,Current
LN-0000416,MBR-000772,Mortgage,246077.95,3.59,240,2020-09-19,Current
LN-0000417,MBR-000087,Personal Loan,6335.34,14.58,36,2023-08-16,Delinquent
LN-0000418,MBR-000571,Home Equity,146071.14,16.17,180,2021-01-19,Default
LN-0000419,MBR-001168,Personal Loan,12961.91,11.01,36,2022-06-27,Current
LN-0000420,MBR-000079,Personal Loan,20363.13,12.26,48,2021-03-08,Current
LN-0000421,MBR-000993,Student Loan,69148.96,13.17,120,2019-07-07,Delinquent
LN-0000422,MBR-000378,Auto Loan,31411.55,12.49,36,2022-04-22,Current
LN-0000423,MBR-001195,Personal Loan,5539.45,8.5,24,2024-08-05,Paid Off
LN-0000424,MBR-000442,Personal Loan,14268.3,10.42,48,2024-03-27,Current
LN-0000425,MBR-000889,Auto Loan,14920.83,7.19,48,2018-07-20,Current
LN-0000426,MBR-000506,Auto Loan,19408.1,11.15,48,2024-09-21,Current
LN-0000427,MBR-000137,Auto Loan,10831.21,17.69,72,2022-06-22,Current
LN-0000428,MBR-000625,Home Equity,104280.22,,120,2024-04-29,Current
LN-0000429,MBR-001178,Personal Loan,4655.34,12.72,48,2019-06-27,Current
LN-0000430,MBR-000786,Auto Loan,50310.12,13.17,48,2021-04-30,Paid Off
LN-0000431,MBR-000114,Mortgage,166406.93,6.74,180,2024-05-24,Paid Off
LN-0000432,MBR-000210,Mortgage,176576.95,7.08,240,2019-05-28,Paid Off
LN-0000433,MBR-000070,Mortgage,397203.41,4.81,180,2018-01-18,Current
LN-0000434,MBR-000919,Mortgage,231344.85,7.21,240,2024-05-31,Current
LN-0000435,MBR-000595,Credit Card,597.55,7.09,0,2023-07-04,Current
LN-0000436,MBR-000398,Personal Loan,15848.15,15.83,12,2018-02-22,Current
LN-0000437,MBR-001017,Student Loan,31220.89,6.77,120,2024-06-15,Delinquent
LN-0000438,MBR-001196,Mortgage,106263.58,3.89,240,2020-03-03,Current
LN-0000439,MBR-000602,Credit Card,5002.38,15.78,0,2024-03-02,Current
LN-0000440,MBR-001095,Personal Loan,4088.1,6.77,12,2018-01-22,Delinquent
LN-0000441,MBR-000147,Credit Card,9633.19,17.67,0,2019-01-03,Current
LN-0000442,MBR-000711,Auto Loan,28045.49,6.29,60,2018-06-01,Current
LN-0000443,MBR-000706,Personal Loan,18807.7,14.07,12,2021-08-07,Paid Off
LN-0000444,MBR-000804,Home Equity,48598.31,,120,2018-07-12,Current
LN-0000445,MBR-000504,Credit Card,12116.81,,0,2021-06-30,Current
LN-0000446,MBR-001119,Auto Loan,12641.79,11.32,48,2024-08-07,Current
LN-0000447,MBR-000082,Auto Loan,29189.56,,72,2021-02-15,Current
LN-0000448,MBR-001107,Auto Loan,30329.3,5.78,60,2019-01-06,Paid Off
LN-0000449,MBR-000424,Credit Card,10974.44,8.47,0,2019-06-26,Current
LN-0000450,MBR-000540,Credit Card,7795.49,10.85,0,2022-11-05,Current
LN-0000451,MBR-000088,Mortgage,95179.72,6.06,180,2024-09-21,Delinquent
LN-0000452,MBR-000578,Credit Card,1643.48,6.4,0,2022-05-16,Current
LN-0000453,MBR-001149,Auto Loan,17291.53,9.29,48,2019-05-04,Current
LN-0000454,MBR-000326,Auto Loan,25871.75,12.21,72,2018-01-29,Current
LN-0000455,MBR-000984,Home Equity,144408.3,4.32,180,2019-07-18,Paid Off
LN-0000456,MBR-000593,Personal Loan,2762.29,12.46,36,2020-09-25,Current
LN-0000457,MBR-000836,Auto Loan,31224.38,7.1,72,2018-01-12,Current
LN-0000458,MBR-001095,Personal Loan,4113.76,10.55,48,2018-01-25,Current
LN-0000459,MBR-000107,Personal Loan,1996.72,9.24,48,2018-02-04,Current
LN-0000460,MBR-000879,Auto Loan,8456.81,11.4,36,2018-02-14,Default
LN-0000461,MBR-000121,Credit Card,3940.24,3.92,0,2019-07-09,Current
LN-0000462,MBR-000943,Credit Card,8742.14,13.59,0,2020-08-05,Default
LN-0000463,MBR-000086,Auto Loan,48846.65,9.74,48,2023-03-14,Current
LN-0000464,MBR-000659,Auto Loan,23581.2,12.64,48,2018-06-29,Current
LN-0000465,MBR-000585,Student Loan,21884.68,4.81,240,2018-03-08,Current
LN-0000466,MBR-000718,Mortgage,184855.61,6.78,240,2021-09-14,Current
LN-0000467,MBR-000760,Auto Loan,36119.44,10.68,60,2022-07-27,Current
LN-0000468,MBR-000861,Credit Card,4989.16,9.63,0,2018-02-12,Current
LN-0000469,MBR-000832,Auto Loan,19214.2,15.1,36,2022-02-08,Current
LN-0000470,MBR-000009,Auto Loan,21132.77,14.02,36,2022-09-30,Current
LN-0000471,MBR-000902,Mortgage,218165.28,3.81,240,2018-11-04,Current
LN-0000472,MBR-000116,Home Equity,145764.94,14.11,120,2020-05-25,Current
LN-0000473,MBR-000958,Mortgage,198147.62,5.07,360,2018-11-24,Delinquent
LN-0000474,MBR-000891,Student Loan,75254.71,15.79,180,2024-07-06,Current
LN-0000475,MBR-000399,Credit Card,-10845.5,10.68,0,2022-06-10,Current
LN-0000476,MBR-000381,Student Loan,79536.52,,180,2018-12-30,Current
LN-0000477,MBR-001155,Auto Loan,9455.41,8.72,72,2020-09-17,Current
LN-0000478,MBR-000982,Auto Loan,46908.9,6.55,72,2021-03-30,Current
LN-0000479,MBR-000492,Credit Card,12324.42,17.05,0,2022-03-21,Current
LN-0000480,MBR-000970,Student Loan,51646.21,13.78,120,2024-01-01,Default
LN-0000481,MBR-000374,Auto Loan,13353.48,13.49,36,2018-09-25,Current
LN-0000482,MBR-000572,Auto Loan,20107.82,7.81,36,2024-10-12,Current
LN-0000483,MBR-000990,Personal Loan,8705.97,4.72,36,2021-11-02,Current
LN-0000484,MBR-000894,Mortgage,-305460.17,3.31,360,2020-06-24,Current
LN-0000485,MBR-000504,Auto Loan,16819.35,14.72,72,2019-09-09,Paid Off
LN-0000486,MBR-000155,Personal Loan,18423.44,13.65,12,2022-06-20,Current
LN-0000487,MBR-000908,Auto Loan,39835.17,4.26,72,2018-05-22,Current
LN-0000488,MBR-000278,Mortgage,111381.31,6.71,360,2023-04-22,Delinquent
LN-0000489,MBR-000554,Auto Loan,44936.21,9.8,60,2023-09-05,Current
LN-0000490,MBR-000005,Credit Card,6730.65,5.82,0,2020-09-30,Delinquent
LN-0000491,MBR-000827,Credit Card,12034.22,17.22,0,2021-03-04,Current
LN-0000492,MBR-000428,Auto Loan,60742.76,17.72,72,2024-06-10,Default
LN-0000493,MBR-000159,Auto Loan,60092.0,10.84,36,2024-08-10,Delinquent
LN-0000494,MBR-000578,Mortgage,376161.21,3.93,240,2022-11-23,Current
LN-0000495,MBR-000527,Credit Card,1970.72,4.96,0,2019-03-04,Current
LN-0000496,MBR-000034,Auto Loan,12174.35,13.43,72,2019-11-01,Current
LN-0000497,MBR-000623,Student Loan,27512.84,15.49,240,2019-10-24,Current
LN-0000498,MBR-000132,Credit Card,11728.09,11.13,0,2020-04-19,Current
LN-0000499,MBR-001120,Student Loan,26759.23,9.13,120,2022-04-24,Delinquent
LN-0000500,MBR-001179,Mortgage,228301.2,5.1,360,2024-09-21,Current
LN-0000501,MBR-000665,mortgage,334078.46,5.81,360,2022-05-04,Current
LN-0000502,MBR-000911,Auto Loan,30513.37,5.23,36,2024-06-08,Paid Off
LN-0000503,MBR-000203,Personal Loan,9551.89,8.12,48,2023-09-06,Current
LN-0000504,MBR-000817,Personal Loan,19038.59,8.7,48,2021-12-13,Current
LN-0000505,MBR-000012,Auto Loan,30025.64,9.97,72,2023-12-15,Default
LN-0000506,MBR-000784,Personal Loan,8802.31,5.73,36,2021-05-24,Current
LN-0000507,MBR-000607,Auto Loan,53695.5,15.58,48,2023-12-08,Current
LN-0000508,MBR-000478,Credit Card,12398.44,16.08,0,2023-01-28,Current
LN-0000509,MBR-000611,Credit Card,4382.83,16.79,0,2018-09-06,Current
LN-0000510,MBR-001096,Auto Loan,64037.8,,60,2018-10-11,Current
LN-0000511,MBR-000136,Credit Card,7396.64,10.53,0,2019-07-07,Default
LN-0000512,MBR-000430,Personal Loan,15625.43,11.14,36,2021-07-25,Paid Off
LN-0000513,MBR-001008,Auto Loan,37038.05,17.76,60,2023-08-03,Current
LN-0000514,MBR-000690,Mortgage,312336.81,5.47,180,2022-11-06,Current
LN-0000515,MBR-000091,Credit Card,14556.98,8.63,0,2021-09-22,Current
LN-0000516,MBR-000640,Auto Loan,20959.39,11.67,72,2023-02-27,Current
LN-0000517,MBR-000233,Home Equity,24003.65,16.54,180,2020-12-30,Paid Off
LN-0000518,MBR-001026,Mortgage,347846.25,6.78,240,2023-10-31,Default
LN-0000519,MBR-001169,Personal Loan,6872.62,14.61,24,2022-10-25,Current
LN-0000520,MBR-000574,Auto Loan,31939.43,10.47,48,2019-02-09,Default
LN-0000521,MBR-000373,Credit Card,3597.73,17.52,0,2022-03-02,Current
LN-0000522,MBR-000185,Personal Loan,13015.67,7.78,24,2022-04-12,Delinquent
LN-0000523,MBR-001124,Mortgage,88659.32,4.89,180,2020-08-22,Current
LN-0000524,MBR-000923,Mortgage,429960.73,3.12,180,2019-12-03,Current
LN-0000525,MBR-000878,Personal Loan,7545.59,15.09,48,2018-08-16,Delinquent
LN-0000526,MBR-001190,Personal Loan,7227.76,12.59,48,2022-09-20,Current
LN-0000527,MBR-001116,Mortgage,333631.56,6.79,360,2020-05-10,Current
LN-0000528,MBR-000119,Mortgage,191924.98,5.29,360,2022-05-19,Current
LN-0000529,MBR-001049,Personal Loan,5928.71,3.83,24,2018-03-11,Delinquent
LN-0000530,MBR-000223,Auto Loan,61332.29,14.9,36,2021-09-28,Delinquent
LN-0000531,MBR-001162,Mortgage,279807.54,5.9,360,2019-02-07,Current
LN-0000532,MBR-001001,Auto Loan,30902.03,13.87,36,2019-05-01,Current
LN-0000533,MBR-001137,Auto Loan,39536.92,16.46,48,2021-01-30,Paid Off
LN-0000534,MBR-000623,Mortgage,248024.92,3.21,360,2021-07-19,Current
LN-0000535,MBR-001063,Credit Card,13042.95,17.95,0,2021-10-17,Current
LN-0000536,MBR-000208,Credit Card,12678.03,13.04,0,2019-02-15,Current
LN-0000537,MBR-000652,Personal Loan,22721.64,8.68,12,2023-11-20,Current
LN-0000538,MBR-000561,Home Equity,52821.15,4.15,120,2023-09-17,Current
LN-0000539,MBR-000990,Student Loan,53855.05,13.67,120,2020-07-18,Paid Off
LN-0000540,MBR-001098,Student Loan,13537.31,12.6,180,2023-12-27,Current
LN-0000541,MBR-000923,Mortgage,278958.93,6.93,180,2020-08-08,Current
LN-0000542,MBR-000874,Mortgage,177459.7,7.39,360,2021-04-16,Current
LN-0000543,MBR-000876,Student Loan,66080.26,4.46,120,2019-07-06,Current
LN-0000544,MBR-000427,Credit Card,5648.47,17.2,0,2023-01-30,Delinquent
LN-0000545,MBR-000900,Auto Loan,37015.51,17.45,48,2018-06-04,Current
LN-0000546,MBR-000624,Mortgage,448494.01,4.02,180,2021-05-14,Current
LN-0000547,MBR-000711,Mortgage,174087.11,4.11,240,2022-05-13,Current
LN-0000548,MBR-000788,Credit Card,10780.78,9.14,0,2021-11-15,Delinquent
LN-0000549,MBR-000998,Auto Loan,-61117.8,,36,2022-10-06,Current
LN-0000550,MBR-000340,Auto Loan,45871.05,9.37,36,2021-03-20,Paid Off
LN-0000551,MBR-000561,Home Equity,67191.54,16.4,180,2024-08-16,Current
LN-0000552,MBR-000590,Auto Loan,64784.76,12.08,48,2024-01-05,Current
LN-0000553,MBR-000059,Credit Card,6658.91,15.86,0,2018-05-02,Current
LN-0000554,MBR-000239,Mortgage,149784.82,4.7,240,2019-05-20,Current
LN-0000555,MBR-000160,Auto Loan,64850.77,14.33,48,2021-02-12,Current
LN-0000556,MBR-000263,Auto Loan,47840.06,6.69,36,2018-10-24,Paid Off
LN-0000557,MBR-000453,Credit Card,7579.22,12.45,0,2019-01-20,Current
LN-0000558,MBR-000624,Auto Loan,31005.51,7.48,36,2019-11-04,Current
LN-0000559,MBR-000810,Student Loan,37571.07,7.95,180,2018-08-04,Current
LN-0000560,MBR-000447,Auto Loan,41319.72,14.38,72,2021-10-03,Current
LN-0000561,MBR-000899,Personal Loan,22139.17,15.27,36,2024-10-25,Current
LN-0000562,MBR-001122,Personal Loan,24347.27,14.27,36,2021-11-07,Current
LN-0000563,MBR-000556,Credit Card,13917.71,7.21,0,2023-05-25,Current
LN-0000564,MBR-000616,Personal Loan,6788.81,6.88,36,2022-01-19,Current
LN-0000565,MBR-000988,Auto Loan,55279.14,5.66,36,2019-04-14,Current
LN-0000566,MBR-000649,Auto Loan,15638.75,13.48,60,2018-02-27,Current
LN-0000567,MBR-000871,Auto Loan,19076.19,13.63,60,2023-08-19,Current
LN-0000568,MBR-000499,Auto Loan,19749.43,4.72,36,2018-09-23,Current
LN-0000569,MBR-000213,Student Loan,6108.66,15.08,120,2024-02-26,Current
LN-0000570,MBR-000656,Personal Loan,4092.97,,12,2022-07-24,Current
LN-0000571,MBR-001185,Home Equity,47992.8,15.23,60,2022-03-05,Paid Off
LN-0000572,MBR-000069,Auto Loan,19128.55,6.18,72,2021-10-05,Paid Off
LN-0000573,MBR-000669,Student Loan,15357.91,7.68,120,2019-01-28,Current
LN-0000574,MBR-000212,Personal Loan,7146.27,14.21,24,2018-03-20,Current
LN-0000575,MBR-001064,Auto Loan,15733.96,5.48,36,2018-05-10,Paid Off
LN-0000576,MBR-000361,Auto Loan,29533.5,13.0,36,2018-07-09,Default
LN-0000577,MBR-000429,Auto Loan,13758.64,6.8,48,2022-01-29,Current
LN-0000578,MBR-000325,Auto Loan,42069.18,8.37,72,2021-03-06,Current
LN-0000579,MBR-000611,Mortgage,238432.81,3.02,240,2024-07-18,Current
LN-0000580,MBR-001195,Student Loan,23563.79,14.38,240,2023-04-24,Current
LN-0000581,MBR-001127,Mortgage,213393.58,5.8,180,2021-12-30,Current
LN-0000582,MBR-000786,Student Loan,35321.31,15.3,240,2018-09-29,Current
LN-0000583,MBR-000505,Credit Card,7908.01,12.48,0,2022-09-02,Current
LN-0000584,MBR-000511,Personal Loan,14958.52,8.88,36,2022-12-14,Delinquent
LN-0000585,MBR-000651,Home Equity,60638.62,11.64,180,2022-07-29,Current
LN-0000586,MBR-000695,Home Equity,35802.96,6.44,180,2022-05-10,Current
LN-0000587,MBR-000168,Auto Loan,34086.99,12.85,72,2020-03-15,Delinquent
LN-0000588,MBR-000587,Personal Loan,8884.57,14.36,24,2024-06-24,Current
LN-0000589,MBR-000607,Mortgage,298387.95,4.06,360,2024-02-16,Delinquent
LN-0000590,MBR-001025,Auto Loan,30438.13,14.83,48,2023-03-07,Current
LN-0000591,MBR-000268,Personal Loan,12316.73,5.91,12,2019-01-26,Current
LN-0000592,MBR-000040,Mortgage,131777.05,6.29,360,2020-05-01,Current
LN-0000593,MBR-000403,Mortgage,190204.58,6.48,240,2020-01-24,Current
LN-0000594,MBR-000337,Personal Loan,17860.75,8.49,48,2020-04-20,Paid Off
LN-0000595,MBR-001199,Credit Card,9035.15,16.54,0,2020-05-31,Current
LN-0000596,MBR-000225,Auto Loan,31575.85,16.71,60,2024-05-12,Current
LN-0000597,MBR-000844,Home Equity,89345.03,6.67,60,2024-09-23,Current
LN-0000598,MBR-001170,Auto Loan,30877.07,13.92,60,2024-07-24,Current
LN-0000599,MBR-000557,Auto Loan,60305.59,9.58,72,2020-04-20,Paid Off
LN-0000600,MBR-001154,Mortgage,335801.47,3.4,180,2018-10-19,Default
LN-0000601,MBR-000515,Student Loan,11835.57,9.31,180,2024-06-26,Delinquent
LN-0000602,MBR-000098,Credit Card,10014.28,16.88,0,2019-09-09,Current
LN-0000603,MBR-000244,Personal Loan,14062.99,3.98,12,2024-10-02,Current
LN-0000604,MBR-000411,Auto Loan,59033.17,17.05,60,2024-03-17,Current
LN-0000605,MBR-000153,Personal Loan,17688.61,11.7,12,2023-06-13,Default
LN-0000606,MBR-000783,Auto Loan,26463.75,10.47,36,2023-07-23,Current
LN-0000607,MBR-000634,Student Loan,-66268.5,17.95,180,2023-03-16,Delinquent
LN-0000608,MBR-000181,Auto Loan,14796.17,15.69,72,2021-05-10,Current
LN-0000609,MBR-000437,Student Loan,40732.76,10.9,180,2022-04-08,Current
LN-0000610,MBR-000164,Auto Loan,44317.67,7.87,36,2022-04-02,Current
LN-0000611,MBR-000311,Auto Loan,24185.66,4.19,48,2018-12-04,Paid Off
LN-0000612,MBR-000888,Student Loan,18915.96,4.46,240,2020-11-03,Delinquent
LN-0000613,MBR-001018,Home Equity,135611.86,3.53,180,2022-01-28,Current
LN-0000614,MBR-001196,Mortgage,340771.06,4.24,360,2022-01-10,Current
LN-0000615,MBR-000453,Student Loan,7296.91,5.04,240,2021-10-27,Current
LN-0000616,MBR-000749,Personal Loan,13116.78,16.35,24,2023-01-11,Current
LN-0000617,MBR-000741,Personal Loan,1621.37,9.05,12,2023-05-06,Current
LN-0000618,MBR-000563,Auto Loan,20681.49,17.81,72,2023-09-17,Current
LN-0000619,MBR-001049,Personal Loan,20392.64,16.22,12,2022-08-14,Current
LN-0000620,MBR-000206,Personal Loan,13871.17,3.61,48,2019-11-22,Current
LN-0000621,MBR-000331,Auto Loan,-16141.04,5.65,48,2024-03-27,Current
LN-0000622,MBR-000319,Mortgage,212428.87,5.73,360,2021-05-02,Current
LN-0000623,MBR-000549,Personal Loan,20260.81,,12,2019-04-18,Paid Off
LN-0000624,MBR-000644,Auto Loan,63129.38,17.18,48,2019-11-06,Delinquent
LN-0000625,MBR-000895,Auto Loan,44454.73,17.07,60,2023-06-28,Current
LN-0000626,MBR-000060,Auto Loan,38805.62,15.85,36,2021-05-14,Current
LN-0000627,MBR-000497,Personal Loan,15718.35,16.14,24,2023-09-23,Delinquent
LN-0000628,MBR-001139,Personal Loan,11899.17,14.13,24,2024-03-05,Current
LN-0000629,MBR-000458,Auto Loan,20654.74,8.49,36,2020-07-20,Current
LN-0000630,MBR-000455,Credit Card,9498.19,16.62,0,2020-10-23,Paid Off
LN-0000631,MBR-001180,Auto Loan,54416.31,11.51,60,2023-07-13,Delinquent
LN-0000632,MBR-001116,Credit Card,3205.3,16.47,0,2022-09-13,Current
LN-0000633,MBR-000736,Credit Card,8037.42,15.11,0,2018-03-02,Current
LN-0000634,MBR-000493,Auto Loan,51100.32,8.88,36,2018-12-06,Current
LN-0000635,MBR-000857,Home Equity,24330.14,,180,2018-08-28,Current
LN-0000636,MBR-000981,Home Equity,98155.3,5.83,180,2022-06-18,Current
LN-0000637,MBR-000370,Personal Loan,22034.55,3.63,36,2020-01-25,Current
LN-0000638,MBR-001050,Auto Loan,9818.85,4.66,48,2021-06-14,Current
LN-0000639,MBR-000222,Personal Loan,9112.88,10.15,12,2022-04-23,Current
LN-0000640,MBR-000569,Auto Loan,33774.17,6.97,48,2020-06-26,Delinquent
LN-0000641,MBR-000735,Auto Loan,20667.75,,48,2023-11-22,Current
LN-0000642,MBR-000892,Personal Loan,22715.71,13.51,12,2022-12-18,Current
LN-0000643,MBR-000269,Auto Loan,12959.73,10.23,48,2019-05-04,Current
LN-0000644,MBR-000430,Personal Loan,24772.43,3.57,24,2019-06-01,Delinquent
LN-0000645,MBR-000473,Mortgage,265041.32,4.36,240,2018-02-01,Current
LN-0000646,MBR-000218,mortgage,317905.17,3.95,360,2020-07-13,Current
LN-0000647,MBR-000045,Auto Loan,41160.73,8.45,36,2022-03-24,Current
LN-0000648,MBR-000576,Home Equity,23638.7,14.23,120,2024-09-22,Current
LN-0000649,MBR-000293,Auto Loan,24282.32,14.8,48,2019-07-14,Delinquent
LN-0000650,MBR-000954,Student Loan,45085.6,4.59,180,2022-03-24,Current
LN-0000651,MBR-000243,Mortgage,429642.94,4.59,360,2019-03-04,Paid Off
LN-0000652,MBR-000862,Home Equity,60897.48,8.5,180,2023-04-13,Current
LN-0000653,MBR-001179,Auto Loan,12932.81,13.65,60,2023-05-07,Current
LN-0000654,MBR-000123,Auto Loan,22016.67,13.29,72,2023-05-14,Current
LN-0000655,MBR-000979,Mortgage,155664.18,4.11,180,2020-03-23,Delinquent
LN-0000656,MBR-000283,Personal Loan,16258.21,13.95,36,2022-08-24,Current
LN-0000657,MBR-000639,Auto Loan,10282.42,17.11,48,2023-02-01,Default
LN-0000658,MBR-001157,Student Loan,16137.7,7.03,240,2018-10-27,Current
LN-0000659,MBR-001029,Credit Card,6009.85,6.53,0,2024-01-02,Delinquent
LN-0000660,MBR-001018,Personal Loan,14682.99,16.29,36,2020-05-11,Paid Off
LN-0000661,MBR-000063,Credit Card,12155.51,5.87,0,2022-05-29,Current
LN-0000662,MBR-000756,Auto Loan,16236.5,6.15,60,2021-07-18,Paid Off
LN-0000663,MBR-000749,Home Equity,57392.07,14.39,180,2023-04-07,Paid Off
LN-0000664,MBR-000873,Auto Loan,23884.88,15.13,60,2022-02-14,Default
LN-0000665,MBR-000012,Student Loan,48394.58,17.58,180,2021-09-01,Current
LN-0000666,MBR-000112,Credit Card,11605.78,14.39,0,2023-07-10,Current
LN-0000667,MBR-000903,Mortgage,159739.02,6.08,240,2019-07-22,Current
LN-0000668,MBR-000761,Student Loan,18953.48,14.92,180,2023-07-15,Current
LN-0000669,MBR-000013,Auto Loan,27658.67,10.64,72,2019-07-15,Current
LN-0000670,MBR-000940,Auto Loan,21120.16,12.36,48,2019-01-19,Current
LN-0000671,MBR-000295,Credit Card,3299.48,12.85,0,2018-08-18,Paid Off
LN-0000672,MBR-000809,Personal Loan,19382.5,9.96,48,2020-03-18,Current
LN-0000673,MBR-001066,Personal Loan,1104.26,4.48,24,2019-09-13,Current
LN-0000674,MBR-001061,Auto Loan,60332.03,5.33,60,2024-02-03,Current
LN-0000675,MBR-001181,Personal Loan,23727.92,10.89,48,2023-08-05,Delinquent
LN-0000676,MBR-000688,Mortgage,173681.99,7.13,240,2024-09-21,Current
LN-0000677,MBR-001164,Home Equity,22019.81,16.07,60,2020-12-07,Current
LN-0000678,MBR-000441,Personal Loan,20796.88,17.55,12,2018-11-14,Current
LN-0000679,MBR-001087,Home Equity,135767.88,12.81,180,2018-07-19,Current
LN-0000680,MBR-000074,Auto Loan,44369.27,4.39,36,2021-01-18,Current
LN-0000681,MBR-000156,Home Equity,127541.11,6.27,180,2019-02-27,Current
LN-0000682,MBR-000722,Mortgage,152921.45,5.81,180,2019-02-27,Paid Off
LN-0000683,MBR-000226,Personal Loan,20575.4,11.46,12,2019-01-09,Paid Off
LN-0000684,MBR-000211,Personal Loan,15551.42,13.56,24,2023-06-05,Delinquent
LN-0000685,MBR-000798,Personal Loan,20172.0,17.68,12,2018-12-15,Current
LN-0000686,MBR-001187,Home Equity,85377.7,13.13,60,2022-08-23,Current
LN-0000687,MBR-000682,Student Loan,45223.23,8.94,180,2021-12-31,Current
LN-0000688,MBR-000308,Mortgage,171358.08,7.28,180,2024-06-27,Delinquent
LN-0000689,MBR-000795,Personal Loan,4408.63,10.29,48,2021-10-04,Current
LN-0000690,MBR-000872,Personal Loan,12637.06,16.1,12,2020-04-09,Current
LN-0000691,MBR-000947,Auto Loan,50975.14,9.73,48,2020-11-10,Current
LN-0000692,MBR-000338,Personal Loan,21994.91,8.87,36,2022-10-13,Current
LN-0000693,MBR-000391,Student Loan,5574.06,16.78,180,2019-05-28,Paid Off
LN-0000694,MBR-000459,Mortgage,344559.1,3.75,240,2023-05-01,Current
LN-0000695,MBR-001027,Auto Loan,26185.25,13.55,72,2023-08-27,Paid Off
LN-0000696,MBR-000907,Student Loan,15982.01,4.2,120,2021-02-15,Current
LN-0000697,MBR-000107,Personal Loan,16807.52,15.81,48,2023-04-08,Current
LN-0000698,MBR-000875,Student Loan,55839.18,11.95,180,2019-03-20,Current
LN-0000699,MBR-000825,Credit Card,6397.43,4.09,0,2023-11-17,Default
LN-0000700,MBR-000751,Auto Loan,61361.64,15.67,48,2022-04-05,Delinquent
LN-0000701,MBR-000374,Auto Loan,13029.88,4.6,60,2020-09-25,Paid Off
LN-0000702,MBR-000583,Personal Loan,6837.92,4.23,12,2021-10-02,Current
LN-0000703,MBR-000674,Auto Loan,48019.64,4.14,72,2019-09-13,Current
LN-0000704,MBR-001148,Mortgage,157305.92,4.18,240,2021-10-09,Current
LN-0000705,MBR-000653,Auto Loan,36522.44,6.5,72,2019-01-01,Current
LN-0000706,MBR-000187,Credit Card,6073.86,17.57,0,2022-05-06,Default
LN-0000707,MBR-000426,Auto Loan,64710.13,10.68,48,2022-07-28,Current
LN-0000708,MBR-001104,Personal Loan,21599.47,12.09,24,2023-08-03,Delinquent
LN-0000709,MBR-000290,Auto Loan,30294.01,4.22,60,2022-03-25,Delinquent
LN-0000710,MBR-000693,Auto Loan,54962.39,10.68,36,2022-06-30,Paid Off
LN-0000711,MBR-000406,Student Loan,29020.12,9.6,240,2020-06-08,Current
LN-0000712,MBR-000027,Auto Loan,11318.11,13.97,36,2023-11-26,Delinquent
LN-0000713,MBR-000234,Home Equity,124288.21,7.99,180,2018-07-03,Current
LN-0000714,MBR-000571,Auto Loan,38994.04,17.18,48,2018-07-27,Current
LN-0000715,MBR-000909,Personal Loan,3124.49,14.67,48,2019-11-29,Current
LN-0000716,MBR-000288,Student Loan,55578.43,9.72,120,2021-11-29,Default
LN-0000717,MBR-000526,Credit Card,12778.66,16.14,0,2018-10-29,Paid Off
LN-0000718,MBR-001124,Student Loan,55575.74,14.25,120,2022-11-08,Current
LN-0000719,MBR-000286,Auto Loan,41318.18,5.31,60,2019-07-28,Delinquent
LN-0000720,MBR-000730,Mortgage,360263.2,3.47,240,2022-10-16,Current
LN-0000721,MBR-000257,Home Equity,88263.53,17.39,120,2020-08-25,Current
LN-0000722,MBR-000180,Home Equity,68529.16,14.75,180,2019-10-24,Current
LN-0000723,MBR-000886,Personal Loan,13353.36,13.52,12,2024-05-23,Delinquent
LN-0000724,MBR-000810,student loan,29364.85,6.22,240,2024-10-02,Delinquent
LN-0000725,MBR-000597,Mortgage,169479.87,4.43,360,2019-03-11,Current
LN-0000726,MBR-000889,Personal Loan,15478.28,10.69,36,2018-04-13,Current
LN-0000727,MBR-001090,Auto Loan,9671.6,4.55,60,2019-05-27,Delinquent
LN-0000728,MBR-000989,Mortgage,149734.27,3.31,180,2024-08-14,Paid Off
LN-0000729,MBR-000191,Mortgage,243318.44,5.92,240,2023-11-23,Current
LN-0000730,MBR-000009,Home Equity,39790.82,7.41,180,2020-01-12,Current
LN-0000731,MBR-000949,Student Loan,51984.45,12.82,120,2024-08-12,Current
LN-0000732,MBR-000028,Auto Loan,36909.02,15.62,36,2023-07-14,Current
LN-0000733,MBR-000706,Auto Loan,18326.01,6.79,48,2022-07-30,Current
LN-0000734,MBR-000345,Credit Card,697.78,17.31,0,2018-03-23,Paid Off
LN-0000735,MBR-000868,Auto Loan,47999.69,11.83,60,2020-09-06,Current
LN-0000736,MBR-000669,Personal Loan,19765.47,4.83,36,2021-06-03,Current
LN-0000737,MBR-001016,Auto Loan,49060.58,11.37,72,2020-05-03,Current
LN-0000738,MBR-000677,Home Equity,52892.8,13.0,180,2024-01-07,Delinquent
LN-0000739,MBR-000549,Mortgage,371023.09,5.53,180,2021-12-17,Delinquent
LN-0000740,MBR-001013,Auto Loan,63782.33,15.53,60,2020-09-11,Current
LN-0000741,MBR-001075,Personal Loan,23183.48,16.57,36,2020-09-25,Current
LN-0000742,MBR-001149,Auto Loan,55259.88,7.15,48,2022-10-30,Paid Off
LN-0000743,MBR-000049,Credit Card,11961.46,8.13,0,2022-01-19,Paid Off
LN-0000744,MBR-000950,Auto Loan,54895.71,4.24,48,2021-02-22,Current
LN-0000745,MBR-000094,Home Equity,75322.94,16.76,120,2019-08-05,Default
LN-0000746,MBR-000708,Home Equity,145881.66,3.57,180,2018-04-28,Current
LN-0000747,MBR-000726,Auto Loan,15561.35,13.61,36,2021-05-13,Paid Off
LN-0000748,MBR-000639,Auto Loan,20937.62,4.44,72,2024-09-09,Current
LN-0000749,MBR-000459,Credit Card,9496.39,15.57,0,2020-02-10,Current
LN-0000750,MBR-000490,Home Equity,92774.1,7.48,60,2022-07-01,Current
LN-0000751,MBR-000890,Credit Card,6014.41,6.16,0,2019-03-31,Delinquent
LN-0000752,MBR-001135,Home Equity,62263.14,7.74,60,2020-11-29,Current
LN-0000753,MBR-000166,Mortgage,199946.21,3.35,360,2021-05-31,Current
LN-0000754,MBR-000930,Home Equity,139713.85,9.56,120,2020-02-03,Current
LN-0000755,MBR-000513,Personal Loan,24944.5,5.54,12,2021-07-24,Default
LN-0000756,MBR-000342,Credit Card,4231.26,4.97,0,2018-04-28,Current
LN-0000757,MBR-000906,Personal Loan,1338.77,12.51,12,2022-10-03,Current
LN-0000758,MBR-000482,Student Loan,49828.47,17.27,180,2023-07-17,Paid Off
LN-0000759,MBR-001106,Auto Loan,54790.67,16.76,72,2022-12-11,Current
LN-0000760,MBR-000441,Auto Loan,21061.65,14.74,36,2021-06-17,Current
LN-0000761,MBR-000312,Auto Loan,29049.95,15.33,72,2021-05-04,Current
LN-0000762,MBR-000487,Auto Loan,22555.05,10.34,60,2022-12-14,Current
LN-0000763,MBR-000679,Auto Loan,9384.12,7.64,60,2020-03-05,Paid Off
LN-0000764,MBR-000510,Personal Loan,15760.89,6.76,12,2018-06-06,Delinquent
LN-0000765,MBR-000991,Auto Loan,44623.46,8.15,72,2019-08-26,Delinquent
LN-0000766,MBR-000260,Personal Loan,19774.22,8.43,12,2023-01-26,Current
LN-0000767,MBR-000171,Home Equity,113705.83,10.59,180,2019-09-30,Current
LN-0000768,MBR-000155,Credit Card,6918.48,13.35,0,2023-06-06,Current
LN-0000769,MBR-000925,Personal Loan,11609.7,7.73,12,2022-03-09,Default
LN-0000770,MBR-000364,Auto Loan,52238.48,8.97,48,2024-04-14,Current
LN-0000771,MBR-000635,Mortgage,405784.17,3.77,240,2023-08-23,Current
LN-0000772,MBR-000098,Auto Loan,42461.46,13.92,48,2021-01-23,Current
LN-0000773,MBR-000141,Mortgage,347732.51,4.08,240,2024-01-28,Current
LN-0000774,MBR-000271,Personal Loan,2720.1,16.13,36,2019-02-15,Current
LN-0000775,MBR-000328,Auto Loan,13616.78,11.26,48,2022-01-21,Delinquent
LN-0000776,MBR-000158,Credit Card,-10245.72,11.08,0,2020-06-29,Current
LN-0000777,MBR-000177,Mortgage,339523.09,7.46,360,2022-04-08,Current
LN-0000778,MBR-000996,Personal Loan,5420.49,4.12,36,2019-06-15,Current
LN-0000779,MBR-000971,Student Loan,39256.4,9.79,180,2024-04-15,Current
LN-0000780,MBR-000657,Auto Loan,20351.42,3.59,60,2018-11-28,Delinquent
LN-0000781,MBR-000543,Credit Card,4907.02,7.26,0,2022-09-18,Current
LN-0000782,MBR-000236,Mortgage,247802.22,5.24,180,2022-12-04,Current
LN-0000783,MBR-001027,Mortgage,357530.91,6.81,180,2024-07-22,Current
LN-0000784,MBR-000782,Student Loan,38046.45,6.67,120,2022-03-05,Current
LN-0000785,MBR-001075,Personal Loan,7875.89,17.89,24,2019-07-27,Current
LN-0000786,MBR-000780,Student Loan,27644.44,14.92,180,2019-12-22,Current
LN-0000787,MBR-000227,Auto Loan,34053.49,14.8,60,2019-12-15,Current
LN-0000788,MBR-000231,Mortgage,446429.49,6.32,180,2022-08-30,Current
LN-0000789,MBR-001104,Student Loan,34062.44,10.9,180,2018-03-31,Current
LN-0000790,MBR-000058,Auto Loan,20533.69,13.4,48,2022-07-03,Delinquent
LN-0000791,MBR-000371,Home Equity,34570.53,17.35,180,2019-04-11,Delinquent
LN-0000792,MBR-000457,Auto Loan,10489.82,7.33,72,2019-08-18,Current
LN-0000793,MBR-000322,Auto Loan,15072.4,6.29,36,2024-01-07,Current
LN-0000794,MBR-000110,Credit Card,7466.65,13.32,0,2024-06-19,Current
LN-0000795,MBR-000117,Personal Loan,23316.6,5.45,48,2019-05-24,Current
LN-0000796,MBR-000856,Personal Loan,18706.46,11.52,12,2018-02-08,Current
LN-0000797,MBR-000642,Personal Loan,6838.1,17.9,24,2019-01-21,Current
LN-0000798,MBR-000919,Credit Card,11300.27,14.42,0,2022-09-11,Current
LN-0000799,MBR-001039,Auto Loan,40715.65,16.43,36,2022-05-25,Current
LN-0000800,MBR-000425,Mortgage,84798.18,3.35,240,2021-11-26,Current
LN-0000801,MBR-000399,Personal Loan,3892.82,15.64,12,2023-04-10,Current
LN-0000802,MBR-000093,Personal Loan,15449.23,4.32,48,2019-11-01,Current
LN-0000803,MBR-001032,Auto Loan,47606.14,16.61,48,2024-09-14,Paid Off
LN-0000804,MBR-000571,Student Loan,21337.04,12.67,120,2021-08-12,Delinquent
LN-0000805,MBR-000143,Credit Card,10658.18,6.17,0,2020-11-06,Default
LN-0000806,MBR-000218,Credit Card,14876.14,13.75,0,2018-06-02,Current
LN-0000807,MBR-000734,Auto Loan,55014.43,13.99,60,2021-07-27,Current
LN-0000808,MBR-000497,Auto Loan,51993.31,10.32,72,2023-11-06,Delinquent
LN-0000809,MBR-000878,Home Equity,56290.27,16.29,180,2024-01-15,Current
LN-0000810,MBR-000361,Home Equity,77221.8,12.72,60,2021-09-08,Delinquent
LN-0000811,MBR-000132,Auto Loan,19753.16,17.46,72,2020-02-26,Paid Off
LN-0000812,MBR-000981,Home Equity,110392.68,17.63,180,2020-01-09,Current
LN-0000813,MBR-000554,Auto Loan,43153.57,16.25,48,2018-09-09,Current
LN-0000814,MBR-000641,Personal Loan,1345.98,16.43,12,2021-06-23,Current
LN-0000815,MBR-000555,Auto Loan,64159.24,,60,2020-09-29,Delinquent
LN-0000816,MBR-000900,Personal Loan,17837.24,17.1,12,2023-10-10,Current
LN-0000817,MBR-000017,Mortgage,293104.51,3.46,240,2021-12-10,Current
LN-0000818,MBR-000958,Auto Loan,25729.63,12.73,60,2021-08-23,Paid Off
LN-0000819,MBR-000367,Personal Loan,2826.24,16.58,12,2018-04-22,Current
LN-0000820,MBR-001184,Mortgage,144908.5,5.85,180,2020-09-17,Current
LN-0000821,MBR-000868,Mortgage,366886.06,5.56,180,2020-08-07,Current
LN-0000822,MBR-001110,Credit Card,3282.18,13.31,0,2021-06-05,Current
LN-0000823,MBR-000776,Personal Loan,5264.19,14.3,36,2022-08-07,Current
LN-0000824,MBR-000472,Student Loan,24301.57,10.35,120,2023-11-28,Current
LN-0000825,MBR-000891,Credit Card,5748.58,7.68,0,2020-10-17,Delinquent
LN-0000826,MBR-001136,Personal Loan,1499.77,7.4,36,2018-03-30,Current
LN-0000827,MBR-001072,Credit Card,14836.09,12.33,0,2018-02-03,Current
LN-0000828,MBR-000865,Auto Loan,19943.17,12.21,72,2022-07-17,Current
LN-0000829,MBR-000413,Auto Loan,51435.26,15.07,60,2021-01-27,Current
LN-0000830,MBR-000584,Home Equity,97420.28,9.33,120,2023-10-16,Paid Off
LN-0000831,MBR-000529,Personal Loan,10805.99,5.04,12,2022-11-10,Current
LN-0000832,MBR-000169,Auto Loan,62912.32,6.62,60,2023-01-10,Current
LN-0000833,MBR-000668,Auto Loan,27306.27,11.37,72,2018-03-23,Delinquent
LN-0000834,MBR-000371,Auto Loan,47574.77,17.56,60,2022-11-17,Current
LN-0000835,MBR-000570,Personal Loan,22823.95,12.86,48,2022-08-01,Default
LN-0000836,MBR-000637,Auto Loan,55014.97,14.37,60,2019-12-30,Delinquent
LN-0000837,MBR-000344,Credit Card,12122.29,5.3,0,2019-06-17,Current
LN-0000838,MBR-000663,Credit Card,14985.38,9.7,0,2022-03-22,Default
LN-0000839,MBR-000843,Credit Card,4115.84,12.88,0,2022-07-26,Default
LN-0000840,MBR-001049,Personal Loan,1454.69,15.68,12,2018-11-22,Default
LN-0000841,MBR-000683,Auto Loan,53971.21,12.9,36,2021-04-19,Current
LN-0000842,MBR-001003,Personal Loan,13580.34,14.51,12,2020-06-04,Current
LN-0000843,MBR-000866,Auto Loan,25330.54,7.58,60,2022-07-09,Current
LN-0000844,MBR-000477,Auto Loan,12100.54,17.46,48,2020-06-29,Current
LN-0000845,MBR-000098,Personal Loan,6276.18,5.3,48,2021-05-19,Current
LN-0000846,MBR-000847,Credit Card,6127.8,17.18,0,2024-01-14,Current
LN-0000847,MBR-001001,Credit Card,4342.01,10.69,0,2021-01-21,Delinquent
LN-0000848,MBR-000685,Auto Loan,28186.07,6.26,72,2020-11-05,Default
LN-0000849,MBR-000976,Personal Loan,11077.4,10.39,12,2020-12-22,Default
LN-0000850,MBR-000727,Auto Loan,42016.05,8.59,60,2018-12-28,Current
LN-0000851,MBR-000426,Auto Loan,41536.55,14.94,36,2024-05-27,Default
LN-0000852,MBR-000732,Home Equity,35252.04,14.3,180,2020-12-14,Current
LN-0000853,MBR-000866,Personal Loan,9206.96,6.11,24,2019-06-18,Paid Off
LN-0000854,MBR-000028,Credit Card,1033.88,10.26,0,2018-10-15,Current
LN-0000855,MBR-000741,Credit Card,1628.05,12.2,0,2021-07-11,Paid Off
LN-0000856,MBR-001029,Auto Loan,62814.71,14.92,60,2022-07-04,Current
LN-0000857,MBR-000191,Mortgage,362722.47,4.84,240,2018-01-01,Current
LN-0000858,MBR-000786,Mortgage,134486.66,5.76,360,2022-03-08,Delinquent
LN-0000859,MBR-000768,Auto Loan,-44588.52,4.48,48,2020-08-11,Delinquent
LN-0000860,MBR-001017,Personal Loan,7858.54,3.75,36,2023-05-25,Delinquent
LN-0000861,MBR-000138,Auto Loan,28209.54,6.64,36,2023-12-19,Current
LN-0000862,MBR-000499,Auto Loan,41674.5,4.81,72,2023-08-12,Current
LN-0000863,MBR-000263,Auto Loan,26656.92,7.31,36,2018-03-10,Paid Off
LN-0000864,MBR-000463,Credit Card,7472.34,6.77,0,2018-12-03,Current
LN-0000865,MBR-000848,Personal Loan,21809.54,10.71,36,2019-01-27,Current
LN-0000866,MBR-000385,Auto Loan,28254.47,8.92,60,2022-09-10,Delinquent
LN-0000867,MBR-001080,Credit Card,5787.86,5.93,0,2023-06-26,Current
LN-0000868,MBR-000119,Credit Card,8076.46,13.74,0,2019-12-01,Paid Off
LN-0000869,MBR-001063,Credit Card,14608.52,5.1,0,2021-11-14,Delinquent
LN-0000870,MBR-000199,Mortgage,195088.12,6.43,360,2019-01-11,Current
LN-0000871,MBR-000402,Student Loan,9877.3,7.24,180,2020-02-14,Current
LN-0000872,MBR-000322,Auto Loan,42671.17,8.86,72,2020-09-18,Paid Off
LN-0000873,MBR-000209,Auto Loan,37355.59,5.74,48,2021-04-24,Current
LN-0000874,MBR-000511,Auto Loan,58311.27,8.67,48,2018-08-10,Paid Off
LN-0000875,MBR-000630,Auto Loan,33637.47,11.23,36,2018-07-14,Current
LN-0000876,MBR-000621,Home Equity,57236.38,10.12,180,2022-11-06,Current
LN-0000877,MBR-000246,Credit Card,11258.75,6.16,0,2019-08-03,Current
LN-0000878,MBR-000313,Auto Loan,25486.8,4.69,36,2018-04-04,Current
LN-0000879,MBR-000780,Home Equity,27593.27,4.35,180,2023-11-27,Current
LN-0000880,MBR-000253,Personal Loan,4393.49,15.45,24,2019-09-15,Delinquent
LN-0000881,MBR-000824,Auto Loan,52583.34,15.62,72,2019-08-22,Current
LN-0000882,MBR-000177,Home Equity,16501.53,11.75,60,2021-12-11,Current
LN-0000883,MBR-000413,Auto Loan,9738.82,17.42,72,2020-12-30,Current
LN-0000884,MBR-000392,Mortgage,427531.98,3.65,240,2018-12-28,Current
LN-0000885,MBR-001049,Credit Card,12141.21,3.83,0,2023-10-15,Current
LN-0000886,MBR-000356,Credit Card,12560.43,7.3,0,2022-01-08,Default
LN-0000887,MBR-000818,Home Equity,96943.27,8.45,180,2024-07-01,Current
LN-0000888,MBR-001197,Mortgage,241191.09,7.33,240,2020-04-16,Current
LN-0000889,MBR-000884,Credit Card,3698.08,11.6,0,2022-04-10,Current
LN-0000890,MBR-000487,Auto Loan,30193.11,17.41,72,2019-06-09,Paid Off
LN-0000891,MBR-000201,Credit Card,13087.97,11.56,0,2021-02-18,Current
LN-0000892,MBR-000164,Credit Card,9423.28,6.61,0,2020-04-29,Current
LN-0000893,MBR-001068,Mortgage,446421.52,4.45,180,2024-04-13,Current
LN-0000894,MBR-000250,Auto Loan,54106.11,14.1,60,2020-08-13,Current
LN-0000895,MBR-000191,Student Loan,35662.95,6.62,120,2024-04-30,Current
LN-0000896,MBR-000017,Credit Card,4209.79,10.9,0,2023-12-06,Delinquent
LN-0000897,MBR-000306,Mortgage,141715.63,6.48,360,2023-12-31,Delinquent
LN-0000898,MBR-001099,Student Loan,62010.24,5.11,120,2019-09-24,Current
LN-0000899,MBR-000703,Personal Loan,18459.83,13.38,48,2023-06-10,Paid Off
LN-0000900,MBR-000818,Auto Loan,53697.48,6.67,60,2021-02-23,Current
LN-0000901,MBR-000474,Personal Loan,5815.99,17.1,36,2021-11-12,Delinquent
LN-0000902,MBR-001031,Home Equity,80953.54,11.29,120,2021-02-06,Current
LN-0000903,MBR-001079,Personal Loan,22295.74,16.96,48,2022-12-23,Current
LN-0000904,MBR-001010,Personal Loan,9031.48,7.39,48,2021-12-27,Delinquent
LN-0000905,MBR-000637,Credit Card,-9364.97,9.89,0,2020-08-31,Paid Off
LN-0000906,MBR-000424,Personal Loan,13103.6,6.16,12,2022-06-11,Delinquent
LN-0000907,MBR-001179,Personal Loan,16343.23,6.0,36,2019-08-16,Current
LN-0000908,MBR-000626,Credit Card,9202.93,10.45,0,2024-03-16,Current
LN-0000909,MBR-000101,Student Loan,65334.83,16.18,120,2021-01-29,Current
LN-0000910,MBR-000148,Credit Card,5337.84,6.68,0,2022-03-15,Delinquent
LN-0000911,MBR-000214,Student Loan,29472.2,7.45,120,2021-11-14,Current
LN-0000912,MBR-000896,Personal Loan,7415.76,14.34,48,2019-07-19,Current
LN-0000913,MBR-000613,Mortgage,103297.61,5.7,180,2023-12-14,Delinquent
LN-0000914,MBR-000315,Credit Card,5784.25,4.12,0,2022-01-03,Paid Off
LN-0000915,MBR-000446,Mortgage,398531.29,6.03,240,2021-10-25,Default
LN-0000916,MBR-000374,personal loan,6221.06,12.31,48,2023-05-11,Current
LN-0000917,MBR-001150,Mortgage,387912.35,6.74,240,2018-12-03,Delinquent
LN-0000918,MBR-001034,Auto Loan,35546.65,8.87,48,2024-06-03,Delinquent
LN-0000919,MBR-000339,Personal Loan,17132.42,9.73,36,2024-01-27,Current
LN-0000920,MBR-000689,Home Equity,79242.28,9.88,120,2021-12-06,Current
LN-0000921,MBR-000741,Personal Loan,18406.82,7.32,24,2021-06-07,Current
LN-0000922,MBR-000209,Personal Loan,10852.65,11.67,24,2018-01-11,Default
LN-0000923,MBR-000998,Personal Loan,23787.08,6.99,12,2021-11-17,Current
LN-0000924,MBR-000098,Auto Loan,62135.56,12.83,72,2023-02-07,Default
LN-0000925,MBR-000147,Credit Card,10059.32,13.57,0,2019-07-01,Current
LN-0000926,MBR-000822,Auto Loan,20725.29,7.42,72,2021-06-19,Current
LN-0000927,MBR-000439,Mortgage,196207.31,4.07,180,2024-01-07,Current
LN-0000928,MBR-001193,Credit Card,12631.79,10.55,0,2023-06-22,Current
LN-0000929,MBR-000319,Credit Card,13694.25,14.71,0,2019-04-27,Delinquent
LN-0000930,MBR-000619,Personal Loan,8213.99,10.24,36,2022-06-29,Delinquent
LN-0000931,MBR-000522,Home Equity,81514.51,12.05,180,2020-10-02,Paid Off
LN-0000932,MBR-000697,Student Loan,43865.12,6.64,180,2022-03-08,Delinquent
LN-0000933,MBR-000796,Auto Loan,12436.49,8.55,36,2018-06-11,Delinquent
LN-0000934,MBR-001174,Credit Card,4410.8,3.98,0,2024-09-12,Current
LN-0000935,MBR-000320,Auto Loan,53493.21,11.89,48,2024-03-01,Delinquent
LN-0000936,MBR-000512,Personal Loan,5750.6,9.71,24,2022-02-16,Default
LN-0000937,MBR-000094,Personal Loan,11906.91,5.43,24,2021-01-11,Delinquent
LN-0000938,MBR-000219,Credit Card,9375.33,4.58,0,2018-07-13,Current
LN-0000939,MBR-000635,Student Loan,22003.32,9.38,240,2020-07-10,Current
LN-0000940,MBR-000129,Student Loan,25102.26,17.47,120,2018-02-15,Delinquent
LN-0000941,MBR-000746,Credit Card,6835.82,8.79,0,2022-05-16,Delinquent
LN-0000942,MBR-000851,Auto Loan,49579.21,15.24,60,2018-10-07,Current
LN-0000943,MBR-001195,Auto Loan,54184.13,13.25,48,2019-11-12,Current
LN-0000944,MBR-000774,Auto Loan,14167.71,10.59,48,2021-09-26,Delinquent
LN-0000945,MBR-000653,Personal Loan,7338.54,12.62,48,2022-03-05,Delinquent
LN-0000946,MBR-000587,Student Loan,13203.16,4.91,240,2023-12-21,Delinquent
LN-0000947,MBR-000783,Student Loan,19068.52,17.51,240,2021-10-16,Current
LN-0000948,MBR-000206,Home Equity,44212.35,15.64,180,2022-10-23,Current
LN-0000949,MBR-001018,Student Loan,24512.81,13.23,120,2018-04-25,Paid Off
LN-0000950,MBR-000663,Auto Loan,11400.91,4.91,48,2022-12-20,Current
LN-0000951,MBR-001041,Personal Loan,19665.06,16.84,48,2023-06-01,Current
LN-0000952,MBR-000990,Personal Loan,24311.78,,48,2022-03-26,Current
LN-0000953,MBR-000989,Home Equity,23866.86,9.53,60,2023-08-06,Current
LN-0000954,MBR-001149,Auto Loan,25088.85,10.76,48,2018-07-03,Current
LN-0000955,MBR-000673,Credit Card,4222.19,9.73,0,2019-03-24,Current
LN-0000956,MBR-000473,Mortgage,87560.27,6.53,240,2024-05-20,Current
LN-0000957,MBR-000032,Auto Loan,15449.24,15.31,36,2024-09-07,Current
LN-0000958,MBR-000766,Mortgage,116941.19,,360,2019-08-06,Current
LN-0000959,MBR-000242,Student Loan,74170.51,4.47,120,2022-06-19,Delinquent
LN-0000960,MBR-000008,Auto Loan,14445.65,11.79,36,2024-03-04,Delinquent
LN-0000961,MBR-000290,Credit Card,13956.82,6.86,0,2024-02-12,Current
LN-0000962,MBR-000170,Auto Loan,28639.0,6.97,60,2018-12-12,Current
LN-0000963,MBR-000707,Auto Loan,57936.66,14.15,60,2018-07-12,Paid Off
LN-0000964,MBR-000388,Auto Loan,26833.89,10.94,72,2024-05-08,Current
LN-0000965,MBR-000930,Auto Loan,60949.98,4.68,72,2018-04-20,Current
LN-0000966,MBR-001174,Personal Loan,4109.67,16.7,48,2018-01-20,Current
LN-0000967,MBR-001138,Mortgage,157268.54,5.02,360,2020-11-26,Current
LN-0000968,MBR-000952,Credit Card,6815.96,4.38,0,2021-02-20,Current
LN-0000969,MBR-000932,Home Equity,105220.02,6.88,60,2023-04-20,Delinquent
LN-0000970,MBR-000861,Home Equity,112545.92,10.04,120,2020-12-17,Paid Off
LN-0000971,MBR-000576,Credit Card,12952.39,12.01,0,2020-06-08,Default
LN-0000972,MBR-000699,Credit Card,2851.87,4.25,0,2024-07-02,Delinquent
LN-0000973,MBR-000216,Auto Loan,35594.66,17.9,72,2022-05-26,Current
LN-0000974,MBR-000857,Personal Loan,4596.59,11.7,48,2019-09-14,Current
LN-0000975,MBR-000550,Student Loan,56022.52,14.49,240,2018-02-12,Current
LN-0000976,MBR-000715,Home Equity,16540.05,9.79,180,2024-08-14,Delinquent
LN-0000977,MBR-000836,Auto Loan,37605.97,17.01,72,2018-05-19,Current
LN-0000978,MBR-000900,Mortgage,253303.33,6.41,180,2024-05-21,Current
LN-0000979,MBR-000960,Mortgage,405356.44,6.64,240,2018-10-13,Delinquent
LN-0000980,MBR-000733,Auto Loan,39572.22,9.58,48,2018-05-14,Current
LN-0000981,MBR-000414,Auto Loan,18977.76,17.15,48,2018-08-01,Delinquent
LN-0000982,MBR-000574,Personal Loan,19899.95,15.31,12,2022-03-28,Current
LN-0000983,MBR-000005,Personal Loan,9250.96,5.39,36,2022-11-28,Current
LN-0000984,MBR-000186,Auto Loan,27587.17,10.49,36,2018-05-16,Delinquent
LN-0000985,MBR-001139,Personal Loan,13760.99,14.81,36,2020-10-02,Current
LN-0000986,MBR-001066,Credit Card,-4210.91,8.75,0,2019-08-10,Current
LN-0000987,MBR-000620,Student Loan,32387.26,15.11,180,2024-04-01,Default
LN-0000988,MBR-000915,Mortgage,90142.82,3.81,180,2024-08-14,Paid Off
LN-0000989,MBR-000985,Auto Loan,59262.01,12.51,60,2024-04-13,Current
LN-0000990,MBR-001182,Home Equity,87892.65,10.34,180,2023-06-06,Current
LN-0000991,MBR-000157,Auto Loan,16977.81,7.99,60,2022-08-02,Current
LN-0000992,MBR-000804,Personal Loan,3756.53,3.62,24,2020-01-19,Current
LN-0000993,MBR-000161,Home Equity,39137.65,10.57,120,2018-11-21,Current
LN-0000994,MBR-000008,Auto Loan,58584.48,8.73,60,2021-01-17,Current
LN-0000995,MBR-000140,Auto Loan,58618.62,9.38,48,2023-03-26,Current
LN-0000996,MBR-000831,Home Equity,92105.56,7.17,60,2018-07-28,Current
LN-0000997,MBR-000700,Auto Loan,38942.62,17.11,48,2020-04-06,Current
LN-0000998,MBR-000488,Home Equity,44182.6,11.26,180,2018-02-12,Current
LN-0000999,MBR-000315,Auto Loan,30876.15,4.59,60,2023-08-11,Delinquent
LN-0001000,MBR-000091,Home Equity,91342.0,10.7,120,2019-06-26,Current
LN-0001001,MBR-000245,Credit Card,2743.69,14.0,0,2019-06-02,Current
LN-0001002,MBR-000008,Credit Card,8842.56,15.84,0,2024-07-26,Current
LN-0001003,MBR-000762,Student Loan,65791.56,4.62,120,2024-10-11,Current
LN-0001004,MBR-000956,Personal Loan,23471.68,7.89,12,2021-06-22,Paid Off
LN-0001005,MBR-001194,Personal Loan,10251.49,8.51,12,2023-10-20,Paid Off
LN-0001006,MBR-001178,Student Loan,77588.47,16.77,240,2023-01-16,Current
LN-0001007,MBR-000984,Auto Loan,50835.28,7.81,60,2020-03-20,Current
LN-0001008,MBR-001063,Personal Loan,15486.43,16.07,36,2023-05-06,Current
LN-0001009,MBR-000457,Credit Card,13064.96,12.89,0,2024-05-29,Current
LN-0001010,MBR-000039,mortgage,126383.59,5.12,240,2018-07-27,Current
LN-0001011,MBR-000135,Personal Loan,9504.08,6.81,48,2019-06-07,Current
LN-0001012,MBR-000284,Auto Loan,22916.85,5.73,36,2020-06-23,Current
LN-0001013,MBR-000550,Student Loan,52214.68,4.35,120,2021-09-22,Current
LN-0001014,MBR-000943,Auto Loan,18389.91,8.01,36,2020-11-25,Current
LN-0001015,MBR-000027,Credit Card,9694.95,11.06,0,2024-11-05,Delinquent
LN-0001016,MBR-000559,Personal Loan,8348.2,5.79,24,2021-08-16,Current
LN-0001017,MBR-000977,Credit Card,1695.09,8.62,0,2019-11-23,Current
LN-0001018,MBR-000484,Personal Loan,1254.35,13.94,24,2024-10-14,Current
LN-0001019,MBR-000886,Personal Loan,11878.78,4.48,36,2021-05-18,Current
LN-0001020,MBR-000666,Personal Loan,16807.81,4.26,36,2019-12-23,Current
LN-0001021,MBR-000126,Home Equity,74788.08,8.77,120,2024-05-27,Current
LN-0001022,MBR-000820,Mortgage,182555.34,6.84,360,2024-08-13,Default
LN-0001023,MBR-000961,Mortgage,162299.87,,180,2023-09-24,Current
LN-0001024,MBR-000568,Personal Loan,16097.71,15.65,24,2018-07-26,Current
LN-0001025,MBR-000313,Auto Loan,35112.23,7.18,60,2020-02-21,Delinquent
LN-0001026,MBR-000092,Personal Loan,2742.95,4.2,24,2019-06-25,Current
LN-0001027,MBR-000731,Personal Loan,21620.79,4.29,36,2018-08-03,Current
LN-0001028,MBR-000613,Student Loan,34495.27,4.53,240,2019-10-03,Current
LN-0001029,MBR-001046,Credit Card,1016.1,10.55,0,2024-07-29,Current
LN-0001030,MBR-000708,Student Loan,31197.24,14.27,240,2021-06-24,Current
LN-0001031,MBR-000964,Auto Loan,47444.37,15.95,60,2022-01-06,Current
LN-0001032,MBR-000473,Auto Loan,37351.07,12.92,60,2022-08-05,Current
LN-0001033,MBR-000275,credit card,1579.29,13.21,0,2022-11-07,Current
LN-0001034,MBR-000893,Student Loan,28449.56,7.69,120,2021-07-11,Current
LN-0001035,MBR-000861,Mortgage,250414.28,3.35,180,2020-06-02,Delinquent
LN-0001036,MBR-000078,Auto Loan,12482.89,7.63,72,2019-01-29,Default
LN-0001037,MBR-001052,Mortgage,286189.21,5.42,180,2018-06-06,Current
LN-0001038,MBR-000498,Mortgage,122136.22,7.35,240,2024-01-04,Delinquent
LN-0001039,MBR-000862,Student Loan,8430.94,8.58,120,2024-08-18,Current
LN-0001040,MBR-000329,Personal Loan,5226.33,,48,2019-10-02,Delinquent
LN-0001041,MBR-001135,Auto Loan,46119.58,16.04,72,2019-09-25,Current
LN-0001042,MBR-000955,Mortgage,349046.14,6.2,180,2023-12-26,Current
LN-0001043,MBR-001066,Credit Card,8967.83,17.84,0,2019-02-27,Current
LN-0001044,MBR-000844,Personal Loan,2906.34,9.12,36,2024-04-30,Current
LN-0001045,MBR-000921,Personal Loan,21841.54,8.4,48,2019-02-18,Current
LN-0001046,MBR-000749,Credit Card,3504.81,7.9,0,2023-08-26,Current
LN-0001047,MBR-000301,Auto Loan,9845.23,8.57,60,2022-10-22,Current
LN-0001048,MBR-000977,Personal Loan,6806.9,13.32,12,2022-03-31,Current
LN-0001049,MBR-000852,Auto Loan,24140.76,10.47,48,2018-02-21,Default
LN-0001050,MBR-000768,Student Loan,26755.43,8.16,240,2018-08-25,Paid Off
LN-0001051,MBR-000075,Home Equity,94130.14,11.48,60,2024-05-15,Default
LN-0001052,MBR-000980,Auto Loan,29517.87,9.18,36,2020-04-08,Delinquent
LN-0001053,MBR-000122,Auto Loan,41075.0,7.72,60,2019-10-07,Current
LN-0001054,MBR-000570,Auto Loan,64520.61,11.71,72,2021-07-10,Paid Off
LN-0001055,MBR-001017,Home Equity,63495.55,11.07,120,2019-10-05,Current
LN-0001056,MBR-000115,Auto Loan,15261.5,4.04,48,2021-03-21,Current
LN-0001057,MBR-000210,Auto Loan,12492.31,8.85,36,2020-12-10,Current
LN-0001058,MBR-001039,Credit Card,673.6,4.51,0,2022-11-02,Current
LN-0001059,MBR-001187,Auto Loan,38050.65,7.76,60,2023-06-14,Current
LN-0001060,MBR-000853,Auto Loan,16010.5,9.17,60,2024-03-09,Delinquent
LN-0001061,MBR-000031,Auto Loan,53556.95,7.26,48,2020-10-25,Current
LN-0001062,MBR-000946,Auto Loan,12378.14,8.82,48,2018-10-29,Default
LN-0001063,MBR-000313,Personal Loan,10135.56,12.01,12,2020-12-15,Delinquent
LN-0001064,MBR-000014,Personal Loan,1588.17,10.09,12,2023-08-16,Current
LN-0001065,MBR-000257,Home Equity,129344.85,8.99,180,2024-09-20,Current
LN-0001066,MBR-000433,Auto Loan,63222.88,6.7,36,2021-02-24,Current
LN-0001067,MBR-001152,Mortgage,195458.67,7.27,240,2018-12-18,Delinquent
LN-0001068,MBR-000005,Personal Loan,11810.46,10.78,48,2018-01-06,Current
LN-0001069,MBR-000792,Personal Loan,8101.89,15.35,48,2023-11-27,Current
LN-0001070,MBR-000725,Credit Card,6151.02,8.06,0,2019-09-17,Current
LN-0001071,MBR-000112,Personal Loan,7425.5,6.73,48,2020-12-23,Current
LN-0001072,MBR-000922,Auto Loan,61726.39,7.08,36,2020-07-25,Current
LN-0001073,MBR-000829,Student Loan,10310.63,15.59,120,2020-07-07,Current
LN-0001074,MBR-000134,Home Equity,90130.36,8.54,120,2020-09-15,Current
LN-0001075,MBR-000832,Mortgage,189269.4,6.54,180,2021-08-12,Current
LN-0001076,MBR-000576,Personal Loan,23814.0,9.3,36,2024-04-18,Current
LN-0001077,MBR-000557,Mortgage,271202.86,5.1,360,2020-10-06,Current
LN-0001078,MBR-000934,Credit Card,556.97,4.54,0,2020-06-27,Delinquent
LN-0001079,MBR-000414,Credit Card,14046.36,9.94,0,2019-03-30,Paid Off
LN-0001080,MBR-000867,Credit Card,14894.16,7.53,0,2019-11-29,Paid Off
LN-0001081,MBR-000731,Personal Loan,15206.03,9.99,24,2020-08-09,Current
LN-0001082,MBR-000834,Student Loan,74421.33,8.92,120,2020-07-26,Current
LN-0001083,MBR-000433,Home Equity,63626.07,16.65,60,2021-06-28,Current
LN-0001084,MBR-000828,Student Loan,21083.18,9.1,120,2023-05-11,Current
LN-0001085,MBR-001164,Credit Card,11568.56,13.57,0,2021-01-23,Current
LN-0001086,MBR-001148,Credit Card,12764.06,8.95,0,2020-09-24,Default
LN-0001087,MBR-001134,Personal Loan,3219.73,13.67,24,2021-01-25,Current
LN-0001088,MBR-000800,Personal Loan,1801.08,3.59,36,2024-04-09,Current
LN-0001089,MBR-000257,Auto Loan,48874.62,9.13,60,2018-04-11,Current
LN-0001090,MBR-000760,Credit Card,6200.6,9.31,0,2018-03-05,Current
LN-0001091,MBR-000739,Personal Loan,21326.92,6.85,24,2020-10-23,Delinquent
LN-0001092,MBR-001108,Student Loan,34814.96,14.34,120,2022-01-23,Current
LN-0001093,MBR-000049,Mortgage,144244.79,7.43,180,2018-07-16,Delinquent
LN-0001094,MBR-000114,Auto Loan,26622.07,4.57,36,2024-07-25,Current
LN-0001095,MBR-001054,Auto Loan,62010.85,15.9,36,2018-07-12,Delinquent
LN-0001096,MBR-001088,Credit Card,10157.14,8.94,0,2024-04-15,Default
LN-0001097,MBR-000151,Auto Loan,45922.7,11.17,72,2023-03-25,Paid Off
LN-0001098,MBR-000744,Student Loan,59347.95,4.52,120,2019-06-02,Paid Off
LN-0001099,MBR-000287,Auto Loan,20159.4,4.68,72,2021-03-23,Current
LN-0001100,MBR-000458,Credit Card,2755.34,9.5,0,2022-11-23,Current
LN-0001101,MBR-000136,Personal Loan,12098.59,7.47,24,2019-08-27,Current
LN-0001102,MBR-000468,Home Equity,146963.96,5.53,180,2019-09-04,Paid Off
LN-0001103,MBR-000209,Auto Loan,58619.62,6.99,60,2024-10-14,Default
LN-0001104,MBR-000382,Personal Loan,22767.94,9.51,36,2020-11-23,Current
LN-0001105,MBR-000880,Credit Card,11079.87,9.81,0,2019-04-21,Current
LN-0001106,MBR-000528,Auto Loan,48329.35,3.86,72,2023-05-16,Current
LN-0001107,MBR-000115,Credit Card,13692.77,13.63,0,2023-05-27,Current
LN-0001108,MBR-001182,Auto Loan,16660.81,13.84,60,2022-05-18,Paid Off
LN-0001109,MBR-000813,Personal Loan,1539.7,,36,2023-09-15,Current
LN-0001110,MBR-000706,Home Equity,94574.03,17.3,120,2020-07-20,Delinquent
LN-0001111,MBR-000736,Student Loan,68953.62,8.08,180,2018-10-04,Current
LN-0001112,MBR-000552,Home Equity,24921.21,10.45,60,2022-05-23,Paid Off
LN-0001113,MBR-000304,Student Loan,34470.87,12.97,180,2019-03-03,Current
LN-0001114,MBR-000329,Auto Loan,9745.86,3.71,36,2022-01-20,Current
LN-0001115,MBR-000300,Mortgage,141467.48,4.14,360,2024-04-07,Current
LN-0001116,MBR-000351,Credit Card,1070.07,10.34,0,2018-12-07,Current
LN-0001117,MBR-000596,Mortgage,135257.98,,180,2018-01-27,Current
LN-0001118,MBR-001116,Personal Loan,20910.51,4.51,24,2023-07-01,Current
LN-0001119,MBR-000669,Auto Loan,43608.22,,60,2021-09-21,Current
LN-0001120,MBR-000166,Auto Loan,14544.94,7.9,60,2019-06-12,Current
LN-0001121,MBR-000430,personal loan,24904.78,5.45,24,2021-08-12,Current
LN-0001122,MBR-000390,Home Equity,107178.38,16.22,180,2021-01-29,Current
LN-0001123,MBR-000891,Credit Card,2552.41,17.37,0,2024-10-18,Current
LN-0001124,MBR-000874,Mortgage,389374.89,,360,2021-06-05,Current
LN-0001125,MBR-000518,Auto Loan,-9075.01,4.94,72,2020-12-16,Current
LN-0001126,MBR-000679,Mortgage,116945.38,6.28,180,2023-06-30,Current
LN-0001127,MBR-000349,Mortgage,296948.96,4.33,180,2022-01-09,Current
LN-0001128,MBR-000836,Mortgage,441943.21,4.87,360,2020-03-10,Current
LN-0001129,MBR-000501,Home Equity,32976.48,15.0,180,2018-07-16,Current
LN-0001130,MBR-000912,Mortgage,166954.31,7.15,360,2018-08-23,Paid Off
LN-0001131,MBR-000358,Student Loan,60961.4,13.31,240,2022-01-31,Current
LN-0001132,MBR-000326,Credit Card,5130.45,13.44,0,2023-03-12,Current
LN-0001133,MBR-000453,Auto Loan,33373.11,11.21,36,2020-09-01,Current
LN-0001134,MBR-001040,Auto Loan,51276.24,10.33,72,2018-10-04,Delinquent
LN-0001135,MBR-000365,Mortgage,410363.22,4.66,360,2021-09-07,Paid Off
LN-0001136,MBR-000371,Auto Loan,49977.78,8.61,72,2022-12-20,Current
LN-0001137,MBR-000220,Home Equity,121009.36,17.85,180,2020-07-04,Current
LN-0001138,MBR-000293,Personal Loan,-7002.74,14.62,12,2018-12-26,Paid Off
LN-0001139,MBR-000731,Student Loan,47783.01,16.72,120,2019-03-23,Default
LN-0001140,MBR-000421,Auto Loan,48431.23,12.13,72,2018-09-06,Current
LN-0001141,MBR-000145,Auto Loan,36932.48,11.88,48,2018-01-29,Delinquent
LN-0001142,MBR-000240,Home Equity,113620.55,11.8,180,2023-05-17,Current
LN-0001143,MBR-000673,Home Equity,141230.57,16.73,60,2020-05-15,Current
LN-0001144,MBR-000723,Credit Card,2610.24,8.8,0,2023-10-01,Delinquent
LN-0001145,MBR-001179,Personal Loan,17720.24,4.24,12,2018-01-17,Current
LN-0001146,MBR-000609,Credit Card,5033.18,13.42,0,2021-06-22,Current
LN-0001147,MBR-000349,Home Equity,33284.09,12.78,120,2021-03-12,Delinquent
LN-0001148,MBR-001164,Auto Loan,30286.95,17.08,60,2020-10-18,Current
LN-0001149,MBR-001057,Personal Loan,16040.19,13.8,12,2023-03-08,Delinquent
LN-0001150,MBR-001037,Credit Card,7031.37,14.47,0,2021-09-13,Current
LN-0001151,MBR-001078,Personal Loan,20771.47,17.87,12,2023-06-26,Default
LN-0001152,MBR-000201,Credit Card,12682.86,10.25,0,2019-01-20,Paid Off
LN-0001153,MBR-000053,Mortgage,80967.2,5.29,180,2022-05-08,Current
LN-0001154,MBR-000659,Auto Loan,21468.89,6.24,60,2019-06-17,Paid Off
LN-0001155,MBR-000460,Auto Loan,64981.65,5.5,72,2021-07-14,Current
LN-0001156,MBR-000678,Credit Card,4628.78,10.03,0,2024-08-30,Delinquent
LN-0001157,MBR-000988,Personal Loan,8008.46,14.99,36,2018-05-17,Current
LN-0001158,MBR-000925,Student Loan,8142.62,17.74,120,2018-06-17,Current
LN-0001159,MBR-000634,Auto Loan,61200.82,8.73,60,2023-04-10,Delinquent
LN-0001160,MBR-000511,Student Loan,49779.91,,120,2023-05-11,Delinquent
LN-0001161,MBR-000061,Personal Loan,10725.31,16.64,24,2019-09-05,Paid Off
LN-0001162,MBR-000055,Personal Loan,8104.95,9.58,36,2020-10-14,Delinquent
LN-0001163,MBR-000697,Mortgage,98890.39,7.36,180,2021-09-25,Current
LN-0001164,MBR-000639,Student Loan,21229.06,12.87,180,2022-08-07,Default
LN-0001165,MBR-000842,Auto Loan,37614.27,13.57,48,2022-06-28,Current
LN-0001166,MBR-000869,Credit Card,8660.68,6.16,0,2019-09-06,Current
LN-0001167,MBR-000821,Auto Loan,52075.76,4.04,72,2018-04-08,Paid Off
LN-0001168,MBR-000080,Auto Loan,41289.06,6.53,60,2018-05-16,Current
LN-0001169,MBR-000784,Auto Loan,12211.49,12.91,48,2020-08-05,Current
LN-0001170,MBR-000323,Mortgage,219832.05,,180,2019-04-06,Current
LN-0001171,MBR-000355,Student Loan,8159.28,4.31,240,2019-05-31,Paid Off
LN-0001172,MBR-000573,Auto Loan,52426.02,8.08,60,2023-07-05,Delinquent
LN-0001173,MBR-001122,Student Loan,9660.46,,120,2023-10-25,Default
LN-0001174,MBR-000343,Personal Loan,14846.12,4.27,36,2020-11-25,Current
LN-0001175,MBR-000555,Personal Loan,1315.38,11.73,12,2022-10-14,Paid Off
LN-0001176,MBR-000527,Student Loan,79949.28,6.06,180,2020-06-09,Current
LN-0001177,MBR-001099,Auto Loan,33166.57,15.25,60,2022-09-03,Current
LN-0001178,MBR-000889,Auto Loan,59578.27,10.95,72,2019-09-20,Current
LN-0001179,MBR-000280,Mortgage,445894.44,7.02,360,2018-10-19,Delinquent
LN-0001180,MBR-000003,Personal Loan,21776.48,4.58,48,2018-05-17,Current
LN-0001181,MBR-000413,Auto Loan,55841.81,12.8,72,2021-06-05,Paid Off
LN-0001182,MBR-000132,Auto Loan,41210.1,6.27,36,2019-12-15,Delinquent
LN-0001183,MBR-000488,Student Loan,55418.85,7.42,180,2018-03-15,Current
LN-0001184,MBR-000536,Mortgage,273250.81,3.01,360,2019-05-01,Current
LN-0001185,MBR-000996,Credit Card,1990.19,5.97,0,2023-03-30,Current
LN-0001186,MBR-000120,Auto Loan,20821.32,17.64,60,2022-12-19,Current
LN-0001187,MBR-000845,Auto Loan,11061.39,,36,2018-05-24,Paid Off
LN-0001188,MBR-000105,Credit Card,7697.25,14.19,0,2019-12-25,Current
LN-0001189,MBR-000970,Auto Loan,51468.27,12.59,48,2018-05-15,Current
LN-0001190,MBR-000964,Personal Loan,15984.89,12.24,36,2023-03-03,Delinquent
LN-0001191,MBR-000472,Credit Card,6622.78,12.13,0,2021-06-20,Current
LN-0001192,MBR-000529,Home Equity,37378.07,7.58,120,2021-03-10,Current
LN-0001193,MBR-000751,Auto Loan,59190.07,6.22,72,2020-07-30,Default
LN-0001194,MBR-001175,Credit Card,-10457.54,9.99,0,2022-03-24,Delinquent
LN-0001195,MBR-000182,Credit Card,7138.17,12.18,0,2022-01-27,Current
LN-0001196,MBR-000564,Auto Loan,42899.64,10.97,48,2021-10-14,Current
LN-0001197,MBR-000910,Auto Loan,26849.96,11.69,72,2020-05-06,Current
LN-0001198,MBR-000904,Home Equity,29752.84,16.57,60,2018-08-21,Paid Off
LN-0001199,MBR-001095,Auto Loan,46613.4,16.51,60,2024-09-09,Current
LN-0001200,MBR-000844,auto loan,45962.48,4.26,72,2020-03-24,Delinquent
LN-0001201,MBR-000082,Credit Card,2643.05,15.95,0,2019-09-27,Current
LN-0001202,MBR-000018,Personal Loan,8965.17,11.43,24,2024-06-10,Current
LN-0001203,MBR-000209,Home Equity,34022.35,4.43,120,2023-04-12,Paid Off
LN-0001204,MBR-000625,Personal Loan,8072.5,11.97,48,2019-03-01,Current
LN-0001205,MBR-000370,Auto Loan,32497.46,10.14,72,2021-10-08,Current
LN-0001206,MBR-000371,Personal Loan,21742.54,15.66,48,2024-08-12,Paid Off
LN-0001207,MBR-000571,Personal Loan,-7191.58,10.05,36,2018-10-11,Current
LN-0001208,MBR-000279,Home Equity,93468.03,13.53,60,2022-08-31,Paid Off
LN-0001209,MBR-000891,Auto Loan,33859.67,13.12,36,2024-07-09,Current
LN-0001210,MBR-000228,Auto Loan,23891.6,17.67,60,2021-04-21,Current
LN-0001211,MBR-000834,Auto Loan,58563.95,17.73,72,2024-03-20,Delinquent
LN-0001212,MBR-000128,Student Loan,65854.25,3.91,180,2021-10-05,Current
LN-0001213,MBR-000210,Personal Loan,4151.67,5.39,36,2020-09-15,Current
LN-0001214,MBR-001008,Auto Loan,31589.81,12.91,60,2021-05-06,Current
LN-0001215,MBR-000216,Auto Loan,12360.38,11.38,36,2023-07-07,Current
LN-0001216,MBR-000098,Student Loan,36214.73,8.12,180,2021-11-21,Current
LN-0001217,MBR-000725,Personal Loan,18007.62,7.8,12,2019-11-08,Current
LN-0001218,MBR-000156,Student Loan,73615.27,11.09,240,2022-04-11,Current
LN-0001219,MBR-000559,Personal Loan,23136.22,12.28,36,2019-12-21,Current
LN-0001220,MBR-000587,Personal Loan,1864.08,5.73,24,2018-11-21,Delinquent
LN-0001221,MBR-001138,Credit Card,7173.94,14.99,0,2020-05-08,Delinquent
LN-0001222,MBR-000782,Mortgage,442660.22,3.57,240,2023-05-23,Current
LN-0001223,MBR-000693,Auto Loan,16209.43,10.21,72,2018-04-30,Delinquent
LN-0001224,MBR-000920,Mortgage,387529.88,4.97,180,2018-01-30,Current
LN-0001225,MBR-000711,Credit Card,11438.69,17.69,0,2023-05-22,Current
LN-0001226,MBR-000265,Credit Card,12844.86,10.07,0,2018-08-18,Current
LN-0001227,MBR-000963,Auto Loan,61666.54,14.75,48,2019-06-03,Current
LN-0001228,MBR-000047,Personal Loan,4917.21,7.19,24,2021-09-18,Current
LN-0001229,MBR-000457,Student Loan,64682.28,16.44,180,2018-06-08,Current
LN-0001230,MBR-000142,Personal Loan,15010.75,12.75,36,2022-06-26,Default
LN-0001231,MBR-000704,Personal Loan,1243.82,17.48,36,2023-10-11,Delinquent
LN-0001232,MBR-000468,Auto Loan,48565.5,12.54,36,2019-10-30,Current
LN-0001233,MBR-000897,Auto Loan,45576.42,9.64,48,2020-09-06,Delinquent
LN-0001234,MBR-000572,Student Loan,36630.94,3.96,180,2018-04-09,Current
LN-0001235,MBR-000097,Auto Loan,62447.27,11.85,36,2019-04-26,Current
LN-0001236,MBR-000770,Auto Loan,20759.2,8.66,36,2021-08-05,Paid Off
LN-0001237,MBR-000035,Student Loan,32448.15,6.67,180,2021-02-21,Default
LN-0001238,MBR-000922,Personal Loan,13275.85,10.18,36,2022-04-10,Current
LN-0001239,MBR-001191,Home Equity,54935.04,17.43,120,2024-05-16,Current
LN-0001240,MBR-000702,Personal Loan,16564.92,13.48,48,2019-07-03,Current
LN-0001241,MBR-000747,Credit Card,14377.51,7.65,0,2024-04-09,Current
LN-0001242,MBR-000752,Auto Loan,61182.63,17.16,48,2018-11-01,Current
LN-0001243,MBR-000379,Auto Loan,55437.15,8.93,60,2021-04-26,Current
LN-0001244,MBR-000278,Personal Loan,10257.22,12.53,36,2023-03-13,Current
LN-0001245,MBR-000117,Auto Loan,49540.56,13.41,48,2019-12-07,Delinquent
LN-0001246,MBR-000586,Auto Loan,48027.15,11.95,72,2020-08-14,Current
LN-0001247,MBR-000185,Auto Loan,48843.32,15.43,36,2022-01-21,Delinquent
LN-0001248,MBR-001194,Mortgage,341738.76,4.27,240,2024-10-25,Paid Off
LN-0001249,MBR-000316,Personal Loan,10759.27,4.75,12,2019-04-12,Current
LN-0001250,MBR-000537,Credit Card,10795.76,10.36,0,2020-05-27,Current
LN-0001251,MBR-000946,Personal Loan,10984.26,6.19,24,2021-04-04,Delinquent
LN-0001252,MBR-000339,Mortgage,406654.92,6.18,360,2018-12-09,Paid Off
LN-0001253,MBR-001148,Auto Loan,43229.94,17.29,36,2024-03-27,Current
LN-0001254,MBR-000845,Personal Loan,9651.13,6.23,12,2024-06-16,Default
LN-0001255,MBR-000394,Personal Loan,24141.41,14.04,24,2019-01-21,Current
LN-0001256,MBR-000817,Personal Loan,24800.83,17.62,12,2023-06-07,Current
LN-0001257,MBR-001154,Auto Loan,14563.64,10.84,72,2021-04-05,Current
LN-0001258,MBR-000422,Credit Card,832.43,16.37,0,2021-01-20,Paid Off
LN-0001259,MBR-001010,Auto Loan,58978.85,10.38,72,2021-11-13,Current
LN-0001260,MBR-000315,Personal Loan,21631.92,10.16,24,2018-11-05,Delinquent
LN-0001261,MBR-000402,Home Equity,144556.94,10.81,60,2019-01-16,Delinquent
LN-0001262,MBR-000647,Credit Card,10505.39,9.87,0,2020-02-09,Delinquent
LN-0001263,MBR-000124,Personal Loan,21871.51,3.83,36,2024-08-29,Current
LN-0001264,MBR-000813,Personal Loan,15510.31,,24,2020-10-12,Current
LN-0001265,MBR-000652,Mortgage,83293.93,3.12,240,2018-09-27,Current
LN-0001266,MBR-000443,Auto Loan,56129.66,15.09,72,2021-10-14,Paid Off
LN-0001267,MBR-001110,Home Equity,89528.02,12.53,180,2019-12-02,Current
LN-0001268,MBR-001010,Auto Loan,37902.14,16.4,48,2022-03-12,Current
LN-0001269,MBR-000231,Auto Loan,51849.87,16.47,72,2018-04-09,Paid Off
LN-0001270,MBR-000482,Personal Loan,14023.86,16.68,48,2020-03-11,Current
LN-0001271,MBR-000493,Mortgage,92040.38,6.13,240,2020-11-11,Current
LN-0001272,MBR-000561,Mortgage,353080.08,7.25,240,2019-02-07,Current
LN-0001273,MBR-000467,Auto Loan,26976.23,16.41,72,2023-05-24,Current
LN-0001274,MBR-001051,Auto Loan,50709.91,7.41,36,2022-02-23,Current
LN-0001275,MBR-000777,Credit Card,1554.03,11.32,0,2019-02-22,Current
LN-0001276,MBR-000156,Auto Loan,42631.59,9.3,36,2021-09-25,Current
LN-0001277,MBR-000529,Auto Loan,30699.48,17.56,72,2023-09-06,Delinquent
LN-0001278,MBR-000475,Personal Loan,3148.12,7.37,12,2020-03-23,Current
LN-0001279,MBR-000576,Student Loan,68569.97,,180,2022-10-03,Current
LN-0001280,MBR-000848,Mortgage,130936.72,5.23,180,2020-06-22,Paid Off
LN-0001281,MBR-000258,Home Equity,102970.46,14.04,120,2020-04-30,Current
LN-0001282,MBR-000114,Student Loan,29363.31,13.35,180,2018-03-29,Paid Off
LN-0001283,MBR-001175,Auto Loan,46929.19,16.65,36,2024-02-05,Current
LN-0001284,MBR-000040,Auto Loan,54526.05,12.61,60,2020-02-13,Default
LN-0001285,MBR-000861,Auto Loan,35759.81,11.77,60,2019-05-24,Current
LN-0001286,MBR-000793,Personal Loan,8903.27,5.5,12,2023-05-04,Default
LN-0001287,MBR-000973,Personal Loan,13011.75,17.52,12,2022-08-27,Paid Off
LN-0001288,MBR-000137,Mortgage,245326.75,4.22,240,2024-07-03,Delinquent
LN-0001289,MBR-000480,Personal Loan,3821.03,9.43,24,2024-03-06,Current
LN-0001290,MBR-000997,Home Equity,-107724.96,13.41,60,2018-08-06,Current
LN-0001291,MBR-000257,Home Equity,99099.94,12.73,120,2023-01-11,Current
LN-0001292,MBR-000555,Credit Card,11783.7,17.13,0,2024-04-10,Current
LN-0001293,MBR-000503,Personal Loan,9414.51,5.67,24,2020-05-23,Current
LN-0001294,MBR-000831,Home Equity,92460.07,11.54,180,2020-05-02,Current
LN-0001295,MBR-000935,Student Loan,40426.48,15.51,180,2023-10-22,Current
LN-0001296,MBR-001075,Credit Card,14421.94,17.42,0,2018-10-26,Paid Off
LN-0001297,MBR-000238,Student Loan,13944.52,7.86,180,2020-11-21,Current
LN-0001298,MBR-001194,Credit Card,3996.2,14.49,0,2022-01-27,Delinquent
LN-0001299,MBR-001003,Auto Loan,49705.14,14.66,60,2020-01-27,Current
LN-0001300,MBR-001146,Home Equity,146123.92,10.69,60,2018-08-20,Current
LN-0001301,MBR-000497,Auto Loan,61091.02,5.77,36,2024-03-05,Paid Off
LN-0001302,MBR-001200,Auto Loan,31318.67,9.39,36,2019-08-31,Current
LN-0001303,MBR-000441,Credit Card,9875.51,8.73,0,2022-08-06,Current
LN-0001304,MBR-000223,Credit Card,516.88,3.7,0,2018-02-09,Default
LN-0001305,MBR-000096,Credit Card,7567.56,14.76,0,2022-11-16,Delinquent
LN-0001306,MBR-000072,Mortgage,409041.73,5.32,240,2023-08-29,Current
LN-0001307,MBR-000624,Mortgage,400135.79,7.2,180,2022-08-06,Current
LN-0001308,MBR-000551,Credit Card,6227.03,9.9,0,2023-04-13,Current
LN-0001309,MBR-000329,Mortgage,-245296.97,5.64,240,2023-05-07,Current
LN-0001310,MBR-000630,Personal Loan,4177.05,5.66,24,2022-11-27,Paid Off
LN-0001311,MBR-000444,Auto Loan,50361.93,13.12,60,2021-11-15,Current
LN-0001312,MBR-000021,Mortgage,344826.48,3.15,240,2020-11-22,Delinquent
LN-0001313,MBR-000887,Mortgage,134256.0,3.67,240,2022-06-26,Delinquent
LN-0001314,MBR-000410,Personal Loan,16189.05,12.11,12,2018-09-11,Delinquent
LN-0001315,MBR-000836,Mortgage,157280.43,3.61,240,2020-08-02,Current
LN-0001316,MBR-000820,Auto Loan,61948.71,11.03,72,2019-07-27,Paid Off
LN-0001317,MBR-000362,Auto Loan,50802.17,6.51,36,2020-08-12,Delinquent
LN-0001318,MBR-000109,Auto Loan,47496.8,8.03,48,2020-10-25,Paid Off
LN-0001319,MBR-000405,Auto Loan,58552.68,6.35,36,2024-01-11,Paid Off
LN-0001320,MBR-000169,Auto Loan,44803.17,16.42,36,2021-01-08,Current
LN-0001321,MBR-000762,Credit Card,10462.71,5.15,0,2024-05-29,Delinquent
LN-0001322,MBR-000791,Auto Loan,56116.58,8.67,60,2019-08-14,Current
LN-0001323,MBR-000950,Mortgage,138216.53,4.3,240,2020-04-24,Delinquent
LN-0001324,MBR-000878,Mortgage,214184.03,3.92,360,2019-06-28,Current
LN-0001325,MBR-000453,Mortgage,307035.38,5.73,360,2023-10-23,Default
LN-0001326,MBR-000488,Auto Loan,41850.19,8.92,72,2021-11-15,Delinquent
LN-0001327,MBR-000262,Personal Loan,10506.94,9.8,48,2018-05-31,Current
LN-0001328,MBR-000965,Auto Loan,24977.05,11.74,72,2020-10-07,Current
LN-0001329,MBR-000002,Auto Loan,27092.1,8.0,72,2022-04-11,Current
LN-0001330,MBR-000496,Student Loan,38132.47,6.49,240,2022-08-26,Current
LN-0001331,MBR-000592,Auto Loan,39710.89,8.54,60,2022-08-26,Current
LN-0001332,MBR-000963,Auto Loan,35964.22,3.95,48,2019-01-08,Current
LN-0001333,MBR-000418,Personal Loan,10025.03,13.4,24,2021-12-08,Delinquent
LN-0001334,MBR-000381,Auto Loan,49593.69,7.63,72,2021-01-02,Current
LN-0001335,MBR-000011,Credit Card,8913.77,3.98,0,2021-05-23,Current
LN-0001336,MBR-000906,Auto Loan,56954.89,5.74,60,2021-05-31,Paid Off
LN-0001337,MBR-000405,Home Equity,84403.23,12.4,180,2021-02-18,Current
LN-0001338,MBR-000048,Mortgage,263390.07,,240,2022-02-07,Current
LN-0001339,MBR-001006,Credit Card,10878.7,9.57,0,2020-11-10,Paid Off
LN-0001340,MBR-001106,Personal Loan,14178.46,4.33,36,2019-06-20,Current
LN-0001341,MBR-000707,Student Loan,11590.68,6.28,240,2021-05-25,Delinquent
LN-0001342,MBR-001106,Mortgage,441365.84,4.23,240,2021-12-24,Current
LN-0001343,MBR-001031,Auto Loan,16991.33,8.19,48,2020-09-08,Current
LN-0001344,MBR-000799,Auto Loan,53726.26,17.31,48,2020-12-22,Paid Off
LN-0001345,MBR-001083,Personal Loan,8919.44,17.95,24,2019-02-23,Delinquent
LN-0001346,MBR-000131,Auto Loan,39116.39,,60,2022-09-15,Current
LN-0001347,MBR-000121,Auto Loan,30934.59,9.9,72,2022-10-29,Delinquent
LN-0001348,MBR-000873,Auto Loan,18112.9,15.28,36,2020-08-31,Delinquent
LN-0001349,MBR-000720,Mortgage,231246.87,5.26,360,2018-10-15,Current
LN-0001350,MBR-000620,Auto Loan,37704.63,6.71,48,2022-03-08,Current
LN-0001351,MBR-000003,Auto Loan,20735.2,8.05,36,2018-04-17,Current
LN-0001352,MBR-001063,Auto Loan,64516.53,16.32,36,2020-01-26,Default
LN-0001353,MBR-001110,Auto Loan,29362.6,4.29,36,2024-09-14,Current
LN-0001354,MBR-000822,Mortgage,347888.65,3.16,240,2021-10-08,Current
LN-0001355,MBR-000456,credit card,8857.63,11.22,0,2023-08-17,Current
LN-0001356,MBR-000024,Mortgage,305818.29,3.66,180,2019-10-30,Delinquent
LN-0001357,MBR-000749,Auto Loan,60349.32,13.68,72,2018-12-09,Current
LN-0001358,MBR-000399,Auto Loan,28121.82,17.44,36,2024-04-23,Default
LN-0001359,MBR-000107,Student Loan,67013.28,10.43,240,2018-10-27,Paid Off
LN-0001360,MBR-000790,Auto Loan,33591.05,11.34,72,2022-06-25,Current
LN-0001361,MBR-000849,Credit Card,11239.52,13.95,0,2018-09-01,Paid Off
LN-0001362,MBR-000880,Personal Loan,17170.58,5.94,12,2024-03-20,Current
LN-0001363,MBR-000249,Home Equity,32787.56,13.19,180,2020-07-31,Default
LN-0001364,MBR-000122,Auto Loan,28359.1,16.18,72,2024-07-06,Delinquent
LN-0001365,MBR-000236,Credit Card,12331.91,8.44,0,2024-03-23,Delinquent
LN-0001366,MBR-000216,Credit Card,13281.36,13.71,0,2024-05-26,Delinquent
LN-0001367,MBR-000064,Personal Loan,-3137.29,5.54,12,2020-06-08,Delinquent
LN-0001368,MBR-000212,Student Loan,71746.76,14.65,180,2020-11-10,Delinquent
LN-0001369,MBR-000155,Home Equity,82441.03,4.98,60,2024-03-10,Default
LN-0001370,MBR-001160,Credit Card,932.64,9.36,0,2023-08-17,Current
LN-0001371,MBR-000698,Personal Loan,15258.9,6.7,36,2024-05-29,Delinquent
LN-0001372,MBR-000161,Personal Loan,16963.73,13.04,36,2022-01-10,Current
LN-0001373,MBR-000367,Personal Loan,5572.83,14.54,36,2023-02-04,Current
LN-0001374,MBR-000708,Auto Loan,13456.39,17.1,60,2023-07-23,Current
LN-0001375,MBR-000602,Home Equity,65668.86,11.02,180,2018-02-28,Current
LN-0001376,MBR-000914,Student Loan,11360.18,14.5,180,2019-07-16,Delinquent
LN-0001377,MBR-000632,Mortgage,127165.64,6.64,240,2024-02-25,Current
LN-0001378,MBR-000095,Auto Loan,29065.93,5.78,72,2023-07-05,Delinquent
LN-0001379,MBR-001019,Student Loan,20471.13,13.89,120,2021-08-13,Current
LN-0001380,MBR-000800,Credit Card,509.97,8.15,0,2024-09-24,Current
LN-0001381,MBR-000116,Personal Loan,4604.77,12.58,24,2021-09-15,Current
LN-0001382,MBR-000761,Student Loan,6249.37,12.38,240,2020-07-30,Current
LN-0001383,MBR-000254,Auto Loan,12856.25,5.63,60,2020-11-23,Paid Off
LN-0001384,MBR-000154,Auto Loan,9765.22,16.6,72,2023-09-29,Current
LN-0001385,MBR-000954,Credit Card,7484.84,14.55,0,2021-05-29,Current
LN-0001386,MBR-001088,Auto Loan,-13285.58,10.64,36,2023-08-20,Current
LN-0001387,MBR-000785,Auto Loan,25711.74,17.61,60,2023-03-13,Current
LN-0001388,MBR-000681,Personal Loan,12363.31,17.6,36,2019-06-07,Current
LN-0001389,MBR-001092,Auto Loan,50692.17,17.89,48,2021-07-12,Current
LN-0001390,MBR-000670,Auto Loan,59245.07,17.56,48,2024-03-17,Current
LN-0001391,MBR-000472,Mortgage,275088.92,5.3,240,2019-10-13,Current
LN-0001392,MBR-000776,Home Equity,86857.38,11.33,120,2021-05-10,Current
LN-0001393,MBR-000265,Auto Loan,34940.37,6.51,48,2022-05-17,Current
LN-0001394,MBR-000280,Personal Loan,3286.76,13.0,48,2021-04-25,Delinquent
LN-0001395,MBR-000451,Auto Loan,54685.2,3.72,72,2018-12-01,Current
LN-0001396,MBR-000783,Student Loan,31439.54,10.19,180,2020-04-18,Current
LN-0001397,MBR-000251,Home Equity,63927.32,6.79,60,2021-02-07,Delinquent
LN-0001398,MBR-000958,Auto Loan,9433.58,4.16,48,2021-05-24,Current
LN-0001399,MBR-001112,Home Equity,124852.6,13.9,180,2018-10-09,Delinquent
LN-0001400,MBR-001049,Personal Loan,23752.72,17.94,24,2019-04-19,Current
LN-0001401,MBR-000935,Personal Loan,23039.48,10.97,48,2021-03-27,Current
LN-0001402,MBR-000329,Auto Loan,21059.37,,60,2024-03-30,Current
LN-0001403,MBR-000241,Student Loan,59887.69,16.24,240,2020-06-13,Delinquent
LN-0001404,MBR-001017,Auto Loan,34165.43,6.71,72,2022-08-11,Default
LN-0001405,MBR-000921,Personal Loan,18209.17,5.85,24,2019-05-08,Default
LN-0001406,MBR-000248,Mortgage,423334.58,6.86,360,2022-08-29,Default
LN-0001407,MBR-000902,Auto Loan,22901.4,14.96,48,2020-03-20,Default
LN-0001408,MBR-000883,Mortgage,325035.26,3.17,240,2022-07-01,Delinquent
LN-0001409,MBR-000475,Auto Loan,19535.92,12.97,60,2020-04-22,Paid Off
LN-0001410,MBR-001152,Auto Loan,63095.44,13.04,72,2021-12-10,Current
LN-0001411,MBR-000797,Home Equity,78137.14,13.39,120,2018-03-19,Current
LN-0001412,MBR-000517,Mortgage,275740.06,3.37,240,2021-10-16,Current
LN-0001413,MBR-000763,Mortgage,175463.32,3.33,180,2023-08-09,Current
LN-0001414,MBR-000840,Auto Loan,47292.81,8.38,72,2019-12-28,Current
LN-0001415,MBR-000750,Mortgage,213525.61,5.52,180,2020-05-04,Default
LN-0001416,MBR-000150,Mortgage,161421.76,6.66,360,2018-04-07,Paid Off
LN-0001417,MBR-001007,Credit Card,3283.83,12.31,0,2023-07-01,Default
LN-0001418,MBR-000154,Auto Loan,42758.0,8.35,36,2021-06-14,Current
LN-0001419,MBR-000321,Credit Card,4292.45,11.98,0,2018-12-23,Current
LN-0001420,MBR-000788,Credit Card,13657.75,7.13,0,2024-10-16,Current
LN-0001421,MBR-001169,Student Loan,30697.03,16.63,120,2023-12-13,Delinquent
LN-0001422,MBR-000781,Personal Loan,6547.99,10.06,12,2024-07-20,Delinquent
LN-0001423,MBR-000939,Auto Loan,25416.5,13.28,36,2022-01-30,Current
LN-0001424,MBR-000547,Student Loan,51533.74,10.3,240,2022-01-31,Current
LN-0001425,MBR-001002,Personal Loan,3845.08,13.38,36,2019-01-28,Default
LN-0001426,MBR-000375,Home Equity,129756.43,3.57,180,2022-10-03,Current
LN-0001427,MBR-001128,Personal Loan,2508.08,16.95,36,2024-10-13,Current
LN-0001428,MBR-000981,Credit Card,12358.94,15.54,0,2020-05-20,Paid Off
LN-0001429,MBR-000557,Credit Card,1240.38,9.05,0,2023-07-01,Current
LN-0001430,MBR-000719,Mortgage,379135.85,6.59,360,2021-10-03,Current
LN-0001431,MBR-001195,Mortgage,439805.37,6.35,240,2021-12-19,Default
LN-0001432,MBR-000518,Credit Card,9892.73,13.9,0,2020-11-03,Current
LN-0001433,MBR-000012,Mortgage,180970.66,6.74,360,2022-06-20,Current
LN-0001434,MBR-000056,Auto Loan,53869.58,8.57,36,2023-05-29,Current
LN-0001435,MBR-001093,Personal Loan,10669.93,6.23,12,2020-10-11,Current
LN-0001436,MBR-000567,credit card,923.05,6.71,0,2018-08-15,Paid Off
LN-0001437,MBR-000792,Auto Loan,54215.48,13.74,36,2021-07-11,Current
LN-0001438,MBR-001058,Auto Loan,38378.89,12.66,72,2020-04-23,Current
LN-0001439,MBR-000875,Auto Loan,64056.63,14.94,72,2022-11-04,Delinquent
LN-0001440,MBR-000995,Auto Loan,52676.05,12.48,60,2019-04-02,Current
LN-0001441,MBR-001179,Auto Loan,54495.84,4.27,36,2018-03-28,Current
LN-0001442,MBR-000226,Home Equity,95503.81,5.17,120,2023-10-22,Current
LN-0001443,MBR-000415,Mortgage,448462.64,6.88,180,2022-10-16,Current
LN-0001444,MBR-000761,Auto Loan,61949.38,11.16,48,2021-10-30,Current
LN-0001445,MBR-000376,Personal Loan,5457.51,10.28,48,2023-12-03,Current
LN-0001446,MBR-001110,Home Equity,31166.27,5.82,60,2020-09-06,Paid Off
LN-0001447,MBR-000225,Auto Loan,36043.1,7.18,60,2019-02-24,Delinquent
LN-0001448,MBR-000843,Student Loan,-38442.07,8.35,240,2023-08-31,Delinquent
LN-0001449,MBR-000829,Credit Card,5768.8,16.35,0,2020-12-30,Current
LN-0001450,MBR-001102,Home Equity,55687.75,11.2,120,2023-09-30,Paid Off
LN-0001451,MBR-000720,Personal Loan,11388.63,16.06,36,2018-01-30,Default
LN-0001452,MBR-001053,Auto Loan,8563.78,5.21,72,2024-03-19,Default
LN-0001453,MBR-000525,Auto Loan,62048.72,9.71,60,2023-08-21,Delinquent
LN-0001454,MBR-001129,Mortgage,291838.31,4.42,360,2024-08-03,Current
LN-0001455,MBR-000945,Mortgage,217544.75,3.02,360,2021-11-02,Current
LN-0001456,MBR-000741,Auto Loan,55504.09,12.91,48,2024-10-22,Paid Off
LN-0001457,MBR-000044,student loan,66689.07,5.89,120,2022-01-07,Default
LN-0001458,MBR-000502,Auto Loan,42042.8,12.1,60,2021-02-01,Delinquent
LN-0001459,MBR-000427,Student Loan,6931.7,5.62,240,2024-10-31,Current
LN-0001460,MBR-000046,Auto Loan,19427.24,13.13,48,2018-06-09,Delinquent
LN-0001461,MBR-000114,Personal Loan,21987.67,14.84,12,2024-05-09,Current
LN-0001462,MBR-001087,Auto Loan,33552.39,16.77,60,2022-12-22,Delinquent
LN-0001463,MBR-001077,Student Loan,16277.07,15.55,180,2021-09-03,Current
LN-0001464,MBR-000322,Personal Loan,21629.51,6.22,24,2022-11-24,Paid Off
LN-0001465,MBR-000202,Mortgage,148326.38,4.63,360,2023-03-28,Delinquent
LN-0001466,MBR-000163,Personal Loan,9122.75,4.09,12,2023-10-04,Current
LN-0001467,MBR-000673,Credit Card,4296.13,10.78,0,2019-02-28,Delinquent
LN-0001468,MBR-001050,Mortgage,296525.34,3.52,360,2021-08-25,Delinquent
LN-0001469,MBR-000834,Home Equity,20544.59,16.8,60,2022-12-23,Paid Off
LN-0001470,MBR-000722,Mortgage,375971.64,7.2,240,2021-09-24,Current
LN-0001471,MBR-000275,Home Equity,75295.95,14.75,120,2023-01-06,Delinquent
LN-0001472,MBR-000763,Mortgage,146570.28,4.28,360,2019-04-27,Current
LN-0001473,MBR-000509,Personal Loan,12278.49,4.06,48,2018-09-12,Delinquent
LN-0001474,MBR-000583,Mortgage,194899.65,6.1,240,2023-03-07,Paid Off
LN-0001475,MBR-000874,Auto Loan,46631.43,8.44,72,2023-06-25,Current
LN-0001476,MBR-000062,Student Loan,63239.24,9.75,180,2018-03-27,Current
LN-0001477,MBR-000314,Personal Loan,17308.96,9.26,24,2018-09-15,Paid Off
LN-0001478,MBR-000414,Auto Loan,36296.87,16.97,36,2018-08-17,Current
LN-0001479,MBR-000594,Personal Loan,15939.69,8.38,36,2022-11-18,Delinquent
LN-0001480,MBR-000440,Auto Loan,53276.92,16.95,72,2022-08-26,Current
LN-0001481,MBR-000016,Personal Loan,20284.79,11.92,12,2023-08-22,Current
LN-0001482,MBR-000182,Personal Loan,8911.1,10.34,36,2019-10-12,Current
LN-0001483,MBR-000801,Mortgage,408251.76,6.5,360,2020-09-20,Default
LN-0001484,MBR-001061,Student Loan,45974.12,12.87,120,2018-12-27,Current
LN-0001485,MBR-000161,Auto Loan,29057.17,6.47,36,2019-10-25,Current
LN-0001486,MBR-000487,Home Equity,141958.19,9.78,120,2024-08-03,Current
LN-0001487,MBR-001113,Mortgage,245592.11,3.76,360,2018-09-15,Current
LN-0001488,MBR-000922,Mortgage,358495.51,4.85,240,2022-11-06,Current
LN-0001489,MBR-000277,Home Equity,88396.48,7.84,180,2019-01-15,Current
LN-0001490,MBR-000985,Auto Loan,49492.05,9.49,60,2018-05-03,Current
LN-0001491,MBR-000341,Credit Card,9189.43,9.79,0,2022-12-17,Current
LN-0001492,MBR-001126,Personal Loan,20794.93,7.88,24,2021-06-28,Current
LN-0001493,MBR-000527,Personal Loan,15636.64,17.75,36,2020-10-18,Current
LN-0001494,MBR-000296,Auto Loan,23911.48,17.15,72,2024-07-17,Delinquent
LN-0001495,MBR-000550,Credit Card,9042.67,9.16,0,2019-05-14,Delinquent
LN-0001496,MBR-000299,Auto Loan,52010.33,12.64,48,2020-12-26,Current
LN-0001497,MBR-000958,Auto Loan,35700.31,11.59,60,2018-08-07,Paid Off
LN-0001498,MBR-001008,Student Loan,58013.31,17.85,180,2023-07-24,Current
LN-0001499,MBR-001197,Personal Loan,20201.99,16.4,48,2022-06-24,Delinquent
LN-0001500,MBR-000943,Mortgage,287800.31,3.01,240,2021-10-13,Current
LN-0001501,MBR-000981,Home Equity,50253.67,7.2,180,2020-12-17,Current
LN-0001502,MBR-000753,Personal Loan,7128.64,9.8,24,2020-10-26,Delinquent
LN-0001503,MBR-001045,Personal Loan,7001.44,13.87,36,2019-07-17,Current
LN-0001504,MBR-001081,Personal Loan,23657.36,3.81,36,2022-08-02,Current
LN-0001505,MBR-001121,Personal Loan,14042.15,12.58,24,2020-01-31,Default
LN-0001506,MBR-000867,Personal Loan,24882.48,6.2,48,2024-08-17,Delinquent
LN-0001507,MBR-001123,Auto Loan,30926.07,16.84,36,2023-07-05,Current
LN-0001508,MBR-000548,Personal Loan,22604.33,12.99,36,2024-07-05,Default
LN-0001509,MBR-000272,Personal Loan,17878.97,8.59,48,2019-01-27,Paid Off
LN-0001510,MBR-001032,Credit Card,1148.83,17.16,0,2023-06-06,Current
LN-0001511,MBR-000083,Personal Loan,1260.15,14.39,24,2019-03-22,Current
LN-0001512,MBR-000412,Credit Card,2098.35,17.98,0,2019-09-27,Current
LN-0001513,MBR-000510,Credit Card,3104.42,9.66,0,2022-06-19,Default
LN-0001514,MBR-000848,Student Loan,30481.44,3.82,120,2020-10-23,Current
LN-0001515,MBR-000285,credit card,10279.56,9.38,0,2018-08-24,Current
LN-0001516,MBR-000730,Student Loan,68409.4,,180,2024-03-02,Current
LN-0001517,MBR-000156,Credit Card,14586.33,4.71,0,2022-04-19,Current
LN-0001518,MBR-000494,Personal Loan,20097.78,11.83,24,2020-08-05,Current
LN-0001519,MBR-001194,Home Equity,145722.89,16.13,120,2021-09-17,Current
LN-0001520,MBR-000298,Credit Card,10740.82,6.79,0,2021-01-16,Current
LN-0001521,MBR-000685,Mortgage,333120.27,6.33,360,2018-04-11,Current
LN-0001522,MBR-000133,Personal Loan,8314.76,10.81,36,2019-02-08,Current
LN-0001523,MBR-000508,Auto Loan,31748.91,14.58,36,2021-07-17,Current
LN-0001524,MBR-000109,Auto Loan,54719.01,16.55,36,2022-07-20,Delinquent
LN-0001525,MBR-000301,Auto Loan,34358.06,15.51,60,2022-12-11,Current
LN-0001526,MBR-000348,Mortgage,331585.76,6.62,180,2024-05-04,Delinquent
LN-0001527,MBR-000767,Personal Loan,3602.58,8.99,48,2022-03-16,Current
LN-0001528,MBR-001153,Auto Loan,51518.0,4.5,36,2021-11-22,Delinquent
LN-0001529,MBR-001123,Auto Loan,48896.04,4.57,48,2022-03-20,Current
LN-0001530,MBR-000528,Home Equity,20826.65,8.58,180,2021-04-27,Paid Off
LN-0001531,MBR-000685,mortgage,424616.41,4.66,180,2023-07-31,Default
LN-0001532,MBR-000535,Personal Loan,21864.36,10.3,36,2022-10-09,Current
LN-0001533,MBR-000328,Personal Loan,19242.09,17.68,48,2018-09-23,Current
LN-0001534,MBR-000241,Auto Loan,42562.74,17.12,48,2022-11-21,Default
LN-0001535,MBR-001171,Auto Loan,39677.59,12.98,36,2018-07-20,Default
LN-0001536,MBR-000345,Mortgage,207548.53,6.8,360,2023-11-16,Current
LN-0001537,MBR-000174,Auto Loan,41554.17,5.44,72,2023-09-06,Current
LN-0001538,MBR-000822,Personal Loan,1676.11,10.62,24,2021-07-26,Paid Off
LN-0001539,MBR-000230,Student Loan,66307.66,5.66,180,2019-05-08,Paid Off
LN-0001540,MBR-001166,Student Loan,54717.17,15.06,240,2023-12-14,Delinquent
LN-0001541,MBR-000731,Auto Loan,34617.61,7.35,72,2023-04-21,Current
LN-0001542,MBR-001004,Home Equity,50388.93,10.01,120,2023-08-07,Current
LN-0001543,MBR-000683,Home Equity,56430.82,11.29,120,2022-05-03,Current
LN-0001544,MBR-000297,Credit Card,12714.12,12.37,0,2022-04-06,Paid Off
LN-0001545,MBR-001006,Auto Loan,13075.66,9.59,48,2020-05-13,Current
LN-0001546,MBR-001137,Personal Loan,6201.99,8.15,48,2023-12-13,Current
LN-0001547,MBR-000476,Auto Loan,56056.85,6.08,48,2018-08-07,Current
LN-0001548,MBR-000520,Personal Loan,3973.36,6.2,24,2022-07-10,Current
LN-0001549,MBR-000251,Personal Loan,14694.05,5.9,24,2019-07-17,Current
LN-0001550,MBR-000688,Student Loan,5605.62,7.04,240,2021-02-08,Delinquent
LN-0001551,MBR-000114,Personal Loan,24170.47,13.54,48,2023-05-31,Delinquent
LN-0001552,MBR-000258,Home Equity,43577.19,12.79,60,2021-12-03,Current
LN-0001553,MBR-001014,Personal Loan,21569.17,5.54,48,2019-10-09,Current
LN-0001554,MBR-000780,Mortgage,396217.96,5.03,240,2022-09-07,Current
LN-0001555,MBR-000834,Mortgage,409267.51,6.56,180,2023-11-04,Current
LN-0001556,MBR-000467,Credit Card,8898.54,,0,2019-03-11,Current
LN-0001557,MBR-000997,Credit Card,9098.57,7.28,0,2021-11-29,Current
LN-0001558,MBR-000219,Credit Card,12095.6,10.82,0,2019-04-11,Current
LN-0001559,MBR-000503,Personal Loan,24307.13,8.15,36,2023-08-22,Paid Off
LN-0001560,MBR-000077,Credit Card,4843.74,8.86,0,2019-01-14,Default
LN-0001561,MBR-000331,Personal Loan,8245.31,17.14,36,2021-03-08,Current
LN-0001562,MBR-000473,Personal Loan,7015.85,,24,2019-08-14,Delinquent
LN-0001563,MBR-000171,Credit Card,4068.74,7.78,0,2022-04-26,Current
LN-0001564,MBR-000698,Credit Card,4258.23,13.44,0,2022-09-05,Current
LN-0001565,MBR-000158,Auto Loan,40951.12,14.72,36,2022-05-22,Current
LN-0001566,MBR-000175,Home Equity,15061.43,5.97,120,2019-03-14,Current
LN-0001567,MBR-000692,Personal Loan,16946.98,4.75,36,2021-01-10,Current
LN-0001568,MBR-000026,Auto Loan,27411.01,17.14,36,2021-09-08,Paid Off
LN-0001569,MBR-000900,Mortgage,116594.45,4.68,240,2024-02-26,Current
LN-0001570,MBR-000623,Mortgage,142968.06,6.66,180,2019-02-25,Delinquent
LN-0001571,MBR-001032,Auto Loan,14279.04,3.6,36,2020-06-05,Delinquent
LN-0001572,MBR-001183,Mortgage,-294780.47,4.28,180,2022-08-16,Current
LN-0001573,MBR-000063,Auto Loan,25212.33,4.12,36,2023-09-04,Current
LN-0001574,MBR-001052,Student Loan,34325.28,8.78,180,2024-02-06,Current
LN-0001575,MBR-000256,Auto Loan,29978.35,16.36,60,2024-10-20,Paid Off
LN-0001576,MBR-001182,Auto Loan,59804.94,8.04,48,2019-04-11,Current
LN-0001577,MBR-001060,Personal Loan,4297.46,4.98,48,2023-12-26,Delinquent
LN-0001578,MBR-000514,Student Loan,77963.45,14.05,120,2020-10-28,Current
LN-0001579,MBR-000498,Student Loan,16857.38,17.93,180,2020-10-08,Paid Off
LN-0001580,MBR-001100,Personal Loan,20196.2,15.3,48,2022-04-26,Current
LN-0001581,MBR-001097,Personal Loan,17945.9,16.55,48,2023-04-09,Current
LN-0001582,MBR-001023,Personal Loan,4218.24,4.08,36,2020-01-02,Delinquent
LN-0001583,MBR-000448,Home Equity,134133.41,8.87,60,2018-03-18,Delinquent
LN-0001584,MBR-001010,Student Loan,15848.07,15.08,120,2021-11-12,Current
LN-0001585,MBR-001090,Mortgage,156726.04,3.8,240,2020-08-16,Current
LN-0001586,MBR-000212,Credit Card,2954.26,16.95,0,2022-04-11,Current
LN-0001587,MBR-000941,Mortgage,237797.35,3.1,360,2018-06-12,Current
LN-0001588,MBR-000936,Credit Card,3849.28,11.06,0,2024-06-28,Current
LN-0001589,MBR-000384,Home Equity,102858.09,8.12,120,2023-03-31,Delinquent
LN-0001590,MBR-000007,Personal Loan,9998.95,13.99,36,2024-05-08,Current
LN-0001591,MBR-000406,Credit Card,7112.99,10.82,0,2019-05-29,Delinquent
LN-0001592,MBR-001186,Personal Loan,15661.3,15.44,36,2022-01-10,Current
LN-0001593,MBR-000690,Auto Loan,54576.51,15.45,36,2021-09-03,Current
LN-0001594,MBR-000726,Auto Loan,50616.55,16.9,36,2018-04-17,Current
LN-0001595,MBR-000879,Auto Loan,51109.66,14.14,36,2021-10-04,Delinquent
LN-0001596,MBR-000292,Auto Loan,22866.45,9.59,72,2023-08-20,Delinquent
LN-0001597,MBR-000407,Credit Card,12477.86,6.0,0,2019-07-28,Current
LN-0001598,MBR-001168,Credit Card,5622.92,15.98,0,2021-08-04,Default
LN-0001599,MBR-000904,Home Equity,142978.76,9.64,120,2020-06-09,Current
LN-0001600,MBR-000216,Credit Card,14946.52,10.81,0,2020-09-13,Current
LN-0001601,MBR-001191,Credit Card,10263.32,3.88,0,2023-12-22,Current
LN-0001602,MBR-001121,Student Loan,58644.75,13.32,120,2019-06-13,Current
LN-0001603,MBR-001115,Auto Loan,10595.85,11.01,72,2018-09-14,Current
LN-0001604,MBR-000393,Auto Loan,11661.16,,72,2018-02-14,Current
LN-0001605,MBR-000638,Home Equity,49534.73,14.0,120,2021-06-05,Current
LN-0001606,MBR-000043,Auto Loan,30520.6,4.45,60,2019-03-29,Current
LN-0001607,MBR-000933,Mortgage,129268.46,6.24,180,2019-06-08,Delinquent
LN-0001608,MBR-000951,Auto Loan,12849.93,8.98,36,2023-11-12,Delinquent
LN-0001609,MBR-001136,Personal Loan,14289.42,15.81,48,2023-07-05,Current
LN-0001610,MBR-000446,Mortgage,251946.14,3.34,180,2024-10-20,Current
LN-0001611,MBR-000330,Auto Loan,36880.7,6.76,60,2022-01-19,Current
LN-0001612,MBR-001045,Credit Card,1725.17,14.18,0,2020-07-03,Current
LN-0001613,MBR-001186,Home Equity,120146.04,14.05,60,2020-10-12,Current
LN-0001614,MBR-000654,Mortgage,309332.08,7.08,180,2024-01-19,Current
LN-0001615,MBR-000741,Student Loan,67042.9,12.21,120,2024-07-18,Current
LN-0001616,MBR-000841,Auto Loan,25898.76,9.6,72,2018-02-04,Current
LN-0001617,MBR-000728,Auto Loan,39858.56,7.55,36,2021-11-19,Current
LN-0001618,MBR-000655,Auto Loan,61407.29,15.82,72,2023-10-16,Delinquent
LN-0001619,MBR-001031,Credit Card,8301.68,15.14,0,2019-07-09,Paid Off
LN-0001620,MBR-000080,Personal Loan,4356.12,13.16,36,2018-03-30,Delinquent
LN-0001621,MBR-000256,Credit Card,4778.15,,0,2022-02-12,Delinquent
LN-0001622,MBR-000195,Student Loan,6723.93,13.56,180,2024-03-10,Current
LN-0001623,MBR-000560,Auto Loan,32704.01,14.66,60,2023-08-01,Current
LN-0001624,MBR-000236,Credit Card,14705.1,10.78,0,2018-02-26,Current
LN-0001625,MBR-000585,Home Equity,45257.4,14.44,120,2020-09-27,Current
LN-0001626,MBR-001160,Student Loan,70614.67,13.03,180,2024-09-26,Delinquent
LN-0001627,MBR-000117,Auto Loan,62748.86,10.94,36,2023-03-16,Current
LN-0001628,MBR-001175,Auto Loan,31024.77,11.82,60,2023-03-29,Current
LN-0001629,MBR-000393,Auto Loan,37164.48,14.63,60,2020-09-30,Current
LN-0001630,MBR-000777,Credit Card,1905.01,14.91,0,2023-03-15,Current
LN-0001631,MBR-000504,Auto Loan,59501.12,10.17,48,2019-09-26,Current
LN-0001632,MBR-000678,Auto Loan,15870.12,4.83,48,2020-04-21,Current
LN-0001633,MBR-000233,Mortgage,420458.14,3.12,180,2018-04-24,Current
LN-0001634,MBR-001195,Auto Loan,52691.38,8.73,48,2019-12-25,Current
LN-0001635,MBR-000869,Credit Card,6847.21,17.8,0,2022-02-06,Delinquent
LN-0001636,MBR-000870,Auto Loan,55453.6,5.08,60,2024-05-27,Delinquent
LN-0001637,MBR-000175,Mortgage,394876.85,4.48,180,2022-12-02,Delinquent
LN-0001638,MBR-000823,Mortgage,346339.56,5.81,180,2023-12-27,Current
LN-0001639,MBR-000637,Student Loan,18722.93,6.28,120,2021-11-23,Current
LN-0001640,MBR-000423,Student Loan,60260.72,,240,2019-12-04,Current
LN-0001641,MBR-000648,Auto Loan,36333.24,13.15,36,2024-07-27,Delinquent
LN-0001642,MBR-000739,Auto Loan,53026.16,7.77,48,2022-01-06,Current
LN-0001643,MBR-000519,Auto Loan,59855.58,11.7,60,2024-08-02,Current
LN-0001644,MBR-000891,Auto Loan,40393.1,16.17,48,2022-05-18,Current
LN-0001645,MBR-000746,Credit Card,12133.74,10.7,0,2024-04-22,Current
LN-0001646,MBR-000043,Mortgage,131694.02,3.1,240,2018-04-10,Current
LN-0001647,MBR-000406,Mortgage,96103.67,6.4,180,2024-06-07,Default
LN-0001648,MBR-000518,Personal Loan,11568.65,5.58,24,2022-01-16,Delinquent
LN-0001649,MBR-000413,Auto Loan,30471.79,4.32,48,2022-03-03,Current
LN-0001650,MBR-001198,Auto Loan,46417.23,12.16,60,2020-12-31,Paid Off
LN-0001651,MBR-000498,Personal Loan,19872.6,10.74,36,2024-05-23,Current
LN-0001652,MBR-000726,Home Equity,62795.28,10.12,180,2019-04-21,Current
LN-0001653,MBR-000590,Home Equity,131527.57,15.11,120,2019-03-13,Current
LN-0001654,MBR-000049,Auto Loan,42182.97,6.53,48,2023-05-03,Current
LN-0001655,MBR-000063,Credit Card,4513.21,4.09,0,2021-10-09,Delinquent
LN-0001656,MBR-001034,Auto Loan,14997.87,3.73,36,2019-07-11,Delinquent
LN-0001657,MBR-000078,Personal Loan,16596.39,13.35,36,2024-08-04,Current
LN-0001658,MBR-000277,Personal Loan,23350.06,9.59,48,2021-01-22,Current
LN-0001659,MBR-000470,Credit Card,14924.3,10.12,0,2022-12-10,Current
LN-0001660,MBR-000384,Auto Loan,62635.46,5.24,36,2019-07-20,Current
LN-0001661,MBR-000397,Credit Card,9586.29,17.33,0,2024-05-20,Delinquent
LN-0001662,MBR-000444,Credit Card,1490.11,16.59,0,2020-10-15,Current
LN-0001663,MBR-001146,Auto Loan,39698.49,6.72,60,2018-07-31,Current
LN-0001664,MBR-000467,Auto Loan,15420.19,10.41,48,2021-02-01,Paid Off
LN-0001665,MBR-000328,Home Equity,76272.25,,120,2024-10-20,Current
LN-0001666,MBR-001115,Home Equity,15034.92,4.35,60,2019-12-09,Current
LN-0001667,MBR-000249,Mortgage,392749.82,7.39,240,2020-01-08,Current
LN-0001668,MBR-000078,Auto Loan,19953.19,15.29,72,2021-12-07,Current
LN-0001669,MBR-000343,Auto Loan,54685.93,11.49,36,2022-11-13,Default
LN-0001670,MBR-000689,Auto Loan,62420.39,14.15,36,2020-06-24,Paid Off
LN-0001671,MBR-001011,Mortgage,270799.51,6.52,240,2021-10-27,Delinquent
LN-0001672,MBR-001178,Credit Card,4903.08,4.12,0,2019-12-22,Paid Off
LN-0001673,MBR-000263,Personal Loan,13040.92,17.35,12,2024-01-22,Paid Off
LN-0001674,MBR-000463,Home Equity,51502.68,13.1,60,2020-11-27,Paid Off
LN-0001675,MBR-000397,Student Loan,50358.06,6.42,240,2021-03-19,Current
LN-0001676,MBR-000774,Personal Loan,24247.65,9.9,48,2024-04-27,Current
LN-0001677,MBR-000738,Mortgage,245211.9,5.79,180,2018-08-12,Current
LN-0001678,MBR-000879,Auto Loan,13223.94,9.99,48,2024-06-29,Current
LN-0001679,MBR-000108,Auto Loan,17126.14,11.84,36,2022-11-02,Delinquent
LN-0001680,MBR-000302,Student Loan,24401.02,7.08,180,2024-02-17,Current
LN-0001681,MBR-000412,Personal Loan,2638.53,10.88,48,2022-03-09,Current
LN-0001682,MBR-000286,Credit Card,12588.35,14.72,0,2019-10-14,Current
LN-0001683,MBR-000289,Personal Loan,-22384.62,17.86,12,2019-09-25,Default
LN-0001684,MBR-001037,Credit Card,5559.43,12.01,0,2020-08-16,Current
LN-0001685,MBR-000041,Auto Loan,38760.17,14.0,36,2021-09-28,Paid Off
LN-0001686,MBR-000095,Home Equity,42747.81,6.43,120,2018-10-27,Delinquent
LN-0001687,MBR-000388,Auto Loan,37388.22,9.79,60,2024-10-02,Paid Off
LN-0001688,MBR-000057,Home Equity,123171.2,9.68,60,2023-08-05,Current
LN-0001689,MBR-000507,Credit Card,955.11,4.24,0,2024-08-18,Current
LN-0001690,MBR-000582,Auto Loan,39909.7,4.7,72,2020-09-03,Current
LN-0001691,MBR-000733,Credit Card,10764.16,15.1,0,2021-08-24,Current
LN-0001692,MBR-001073,Auto Loan,51337.84,14.0,60,2018-10-02,Current
LN-0001693,MBR-000131,Auto Loan,49370.2,12.26,72,2019-12-11,Current
LN-0001694,MBR-000330,Auto Loan,48684.16,,48,2019-05-18,Current
LN-0001695,MBR-000252,Auto Loan,63280.84,13.1,36,2021-03-31,Delinquent
LN-0001696,MBR-000860,Personal Loan,20081.65,4.53,36,2019-03-29,Delinquent
LN-0001697,MBR-000608,Personal Loan,14153.35,15.65,12,2019-02-09,Current
LN-0001698,MBR-000821,Personal Loan,19885.85,13.18,48,2022-06-25,Paid Off
LN-0001699,MBR-000516,Personal Loan,10457.17,11.65,24,2018-02-04,Current
LN-0001700,MBR-000893,Personal Loan,22131.13,16.94,12,2023-07-05,Current
LN-0001701,MBR-001084,auto loan,39823.77,10.57,48,2023-04-02,Current
LN-0001702,MBR-000158,Home Equity,89791.42,13.54,120,2024-10-23,Current
LN-0001703,MBR-001078,Personal Loan,17453.71,4.0,48,2023-05-16,Current
LN-0001704,MBR-000077,Auto Loan,53605.72,4.77,48,2018-08-16,Current
LN-0001705,MBR-000490,Auto Loan,9129.64,4.65,36,2023-09-14,Current
LN-0001706,MBR-000663,Personal Loan,12955.66,8.89,36,2021-12-27,Current
LN-0001707,MBR-000844,Mortgage,426468.98,4.56,360,2023-11-14,Current
LN-0001708,MBR-001119,Auto Loan,36595.25,13.83,36,2020-09-16,Current
LN-0001709,MBR-000885,Student Loan,23558.21,17.81,240,2024-06-13,Current
LN-0001710,MBR-000140,Personal Loan,13813.23,5.54,48,2018-07-08,Delinquent
LN-0001711,MBR-000886,Auto Loan,57060.56,17.05,60,2023-04-12,Current
LN-0001712,MBR-001100,Auto Loan,32602.01,15.97,36,2023-06-11,Paid Off
LN-0001713,MBR-000100,Auto Loan,58030.37,5.4,72,2018-11-12,Current
LN-0001714,MBR-000261,Credit Card,3224.15,17.35,0,2019-10-13,Current
LN-0001715,MBR-000155,Mortgage,314547.28,7.05,360,2022-04-17,Current
LN-0001716,MBR-000375,Auto Loan,13349.48,8.38,72,2020-06-08,Current
LN-0001717,MBR-000075,Mortgage,186541.08,6.29,240,2019-06-10,Current
LN-0001718,MBR-000482,Auto Loan,36187.41,8.04,60,2018-09-26,Delinquent
LN-0001719,MBR-001084,Auto Loan,50922.34,8.52,72,2021-02-20,Current
LN-0001720,MBR-000506,Student Loan,43661.85,15.9,240,2024-05-03,Current
LN-0001721,MBR-000620,Student Loan,20165.88,3.85,240,2018-02-19,Current
LN-0001722,MBR-000673,Home Equity,47606.03,16.96,120,2023-04-29,Current
LN-0001723,MBR-000903,Personal Loan,11501.71,9.94,48,2020-07-11,Current
LN-0001724,MBR-000200,Auto Loan,30209.13,9.71,60,2020-10-08,Current
LN-0001725,MBR-000546,Auto Loan,48344.76,15.57,36,2021-11-17,Current
LN-0001726,MBR-000456,Mortgage,290675.79,4.96,240,2024-01-20,Paid Off
LN-0001727,MBR-000590,Credit Card,7360.74,6.62,0,2019-06-24,Current
LN-0001728,MBR-000230,Home Equity,29801.7,17.8,120,2024-09-21,Current
LN-0001729,MBR-000180,Student Loan,65153.09,4.72,240,2019-01-02,Current
LN-0001730,MBR-000802,Credit Card,10963.85,8.22,0,2018-07-07,Current
LN-0001731,MBR-000442,Personal Loan,7962.43,6.55,24,2024-04-26,Delinquent
LN-0001732,MBR-000016,Mortgage,251453.76,3.68,240,2022-06-19,Delinquent
LN-0001733,MBR-001039,Student Loan,74006.33,16.87,180,2023-05-30,Current
LN-0001734,MBR-000763,Auto Loan,8813.09,12.03,36,2022-09-29,Current
LN-0001735,MBR-000869,Mortgage,256062.41,5.01,240,2021-03-07,Current
LN-0001736,MBR-000633,Student Loan,54066.69,7.0,180,2022-09-22,Current
LN-0001737,MBR-000725,Mortgage,439691.17,6.02,360,2021-03-13,Paid Off
LN-0001738,MBR-000412,Personal Loan,12172.95,10.68,36,2018-10-06,Delinquent
LN-0001739,MBR-001024,Personal Loan,17190.86,,36,2024-07-03,Current
LN-0001740,MBR-000469,Home Equity,75439.95,8.06,60,2024-05-21,Default
LN-0001741,MBR-000181,Auto Loan,17106.08,17.58,48,2021-08-28,Current
LN-0001742,MBR-000755,Credit Card,3370.42,12.8,0,2023-06-09,Current
LN-0001743,MBR-000880,Personal Loan,2378.02,12.47,48,2018-07-09,Current
LN-0001744,MBR-001146,Auto Loan,8920.04,14.8,60,2019-09-01,Current
LN-0001745,MBR-000757,Auto Loan,48829.05,13.27,60,2024-05-14,Current
LN-0001746,MBR-000886,Home Equity,105127.99,15.24,60,2024-10-07,Current
LN-0001747,MBR-000603,Credit Card,6341.68,13.46,0,2018-07-26,Paid Off
LN-0001748,MBR-000883,Student Loan,33296.43,,240,2020-06-28,Current
LN-0001749,MBR-000634,Auto Loan,31283.06,5.8,60,2018-03-09,Current
LN-0001750,MBR-000875,Auto Loan,35173.28,6.17,72,2024-05-05,Delinquent
LN-0001751,MBR-000671,Personal Loan,20550.82,10.57,36,2022-08-19,Paid Off
LN-0001752,MBR-000113,Home Equity,51515.06,6.06,180,2020-09-13,Current
LN-0001753,MBR-000815,Auto Loan,28145.97,17.09,60,2024-09-21,Delinquent
LN-0001754,MBR-001052,Personal Loan,13051.68,11.46,48,2019-11-25,Current
LN-0001755,MBR-000039,Credit Card,10362.62,15.05,0,2018-12-08,Current
LN-0001756,MBR-000178,Auto Loan,25082.65,4.18,48,2020-08-21,Default
LN-0001757,MBR-001187,Home Equity,51160.45,9.6,60,2019-07-08,Current
LN-0001758,MBR-000508,Mortgage,305670.89,6.63,180,2019-10-09,Current
LN-0001759,MBR-001027,Credit Card,3115.52,3.59,0,2020-09-11,Current
LN-0001760,MBR-000497,Credit Card,-6227.18,14.52,0,2018-09-30,Current
LN-0001761,MBR-000994,Auto Loan,21931.16,11.46,72,2023-06-06,Current
LN-0001762,MBR-000038,Credit Card,14254.41,4.92,0,2023-06-14,Current
LN-0001763,MBR-000016,Home Equity,108185.3,13.01,180,2018-11-21,Paid Off
LN-0001764,MBR-000436,Credit Card,3025.38,7.76,0,2023-12-10,Current
LN-0001765,MBR-000986,Auto Loan,60049.29,8.03,72,2021-06-01,Current
LN-0001766,MBR-001132,Personal Loan,4200.98,5.54,24,2018-05-16,Default
LN-0001767,MBR-001065,Auto Loan,57565.5,17.03,48,2021-03-05,Current
LN-0001768,MBR-000344,Auto Loan,45965.74,3.68,60,2024-09-24,Default
LN-0001769,MBR-000479,Auto Loan,49953.56,8.58,72,2022-04-24,Current
LN-0001770,MBR-000181,Auto Loan,13627.51,10.28,60,2021-04-03,Current
LN-0001771,MBR-000792,Personal Loan,1637.74,14.36,12,2022-07-01,Current
LN-0001772,MBR-000960,Credit Card,11258.57,9.47,0,2024-09-14,Current
LN-0001773,MBR-000526,Credit Card,6768.5,6.89,0,2019-11-30,Current
LN-0001774,MBR-000693,Auto Loan,56856.41,7.6,36,2022-01-18,Delinquent
LN-0001775,MBR-000125,Home Equity,18708.27,8.17,120,2018-01-11,Current
LN-0001776,MBR-001003,Personal Loan,6584.44,10.7,36,2022-11-22,Current
LN-0001777,MBR-000466,Student Loan,53780.87,9.19,240,2021-04-19,Default
LN-0001778,MBR-000016,Auto Loan,59457.89,9.91,72,2024-09-02,Paid Off
LN-0001779,MBR-001157,Auto Loan,56264.8,11.43,48,2019-06-19,Current
LN-0001780,MBR-000396,Auto Loan,32349.13,6.33,72,2023-12-28,Current
LN-0001781,MBR-000367,Personal Loan,10629.51,4.43,48,2021-01-23,Default
LN-0001782,MBR-000101,Home Equity,51654.73,8.6,120,2024-05-10,Current
LN-0001783,MBR-000184,Auto Loan,62453.62,15.0,36,2023-01-09,Delinquent
LN-0001784,MBR-000165,Student Loan,45680.65,13.04,120,2024-06-23,Current
LN-0001785,MBR-000562,Credit Card,5361.39,9.4,0,2023-03-19,Current
LN-0001786,MBR-000549,Mortgage,352983.59,3.43,180,2024-05-16,Current
LN-0001787,MBR-000990,Credit Card,7267.17,15.08,0,2019-09-17,Delinquent
LN-0001788,MBR-000472,Personal Loan,13115.24,5.85,48,2019-07-11,Current
LN-0001789,MBR-000724,Mortgage,318403.16,3.82,240,2023-11-17,Current
LN-0001790,MBR-001022,Auto Loan,34139.04,5.99,48,2020-05-30,Current
LN-0001791,MBR-000033,Auto Loan,59365.07,3.94,48,2024-06-14,Current
LN-0001792,MBR-001083,Personal Loan,10218.98,11.24,36,2019-07-09,Delinquent
LN-0001793,MBR-000805,Credit Card,5528.65,13.8,0,2024-03-15,Delinquent
LN-0001794,MBR-000319,Personal Loan,9003.77,17.72,24,2020-08-19,Default
LN-0001795,MBR-000116,Credit Card,6459.67,6.32,0,2018-08-31,Current
LN-0001796,MBR-000402,Auto Loan,47275.01,8.48,72,2020-05-17,Current
LN-0001797,MBR-000445,Auto Loan,34184.09,7.61,60,2022-01-30,Current
LN-0001798,MBR-000628,Auto Loan,57661.98,17.04,36,2018-11-14,Current
LN-0001799,MBR-001163,Personal Loan,16397.08,5.92,12,2024-03-20,Current
LN-0001800,MBR-000776,Auto Loan,14250.66,8.82,48,2019-04-01,Current
LN-0001801,MBR-000356,Student Loan,54547.06,7.68,240,2024-09-08,Default
LN-0001802,MBR-000419,Personal Loan,16643.54,12.52,48,2022-03-15,Delinquent
LN-0001803,MBR-000005,Auto Loan,26016.81,5.23,60,2018-11-05,Delinquent
LN-0001804,MBR-000364,Student Loan,72326.36,4.21,180,2024-04-03,Current
LN-0001805,MBR-001031,Auto Loan,22306.66,17.71,48,2023-05-14,Current
LN-0001806,MBR-000632,Auto Loan,-10704.41,15.36,36,2021-01-05,Current
LN-0001807,MBR-000798,Auto Loan,9509.64,15.23,72,2020-09-19,Delinquent
LN-0001808,MBR-000302,credit card,12039.12,11.02,0,2024-09-14,Paid Off
LN-0001809,MBR-000159,Credit Card,4360.77,,0,2019-02-24,Current
LN-0001810,MBR-000392,Auto Loan,10513.7,16.69,36,2020-02-06,Paid Off
LN-0001811,MBR-001109,Personal Loan,24880.73,15.97,24,2019-07-02,Current
LN-0001812,MBR-000542,Home Equity,98308.4,7.78,120,2018-05-31,Default
LN-0001813,MBR-000928,Mortgage,176669.36,3.15,180,2018-10-04,Current
LN-0001814,MBR-000029,Mortgage,162450.05,5.2,180,2023-12-25,Paid Off
LN-0001815,MBR-000348,Mortgage,422844.57,4.45,360,2024-09-22,Current
LN-0001816,MBR-000437,Credit Card,13516.21,13.68,0,2024-08-26,Current
LN-0001817,MBR-001095,Credit Card,3530.15,9.93,0,2023-04-06,Current
LN-0001818,MBR-000559,Home Equity,87290.53,8.09,120,2020-07-30,Current
LN-0001819,MBR-000053,Credit Card,-8195.72,14.63,0,2022-04-19,Current
LN-0001820,MBR-000630,Home Equity,137472.23,9.2,120,2021-08-30,Default
LN-0001821,MBR-000596,Auto Loan,17416.09,5.48,60,2021-03-16,Paid Off
LN-0001822,MBR-000569,Personal Loan,8041.47,10.77,24,2021-08-10,Current
LN-0001823,MBR-000501,Personal Loan,11875.76,14.08,36,2018-06-05,Delinquent
LN-0001824,MBR-000743,Credit Card,5179.79,16.49,0,2020-10-29,Current
LN-0001825,MBR-000317,Personal Loan,5091.12,17.18,36,2022-09-14,Current
LN-0001826,MBR-001008,Credit Card,11706.45,15.86,0,2024-08-09,Delinquent
LN-0001827,MBR-000877,Personal Loan,4890.6,14.9,48,2023-07-27,Current
LN-0001828,MBR-000109,Auto Loan,-54736.16,13.14,60,2021-01-07,Current
LN-0001829,MBR-000702,Mortgage,110394.82,3.58,180,2022-08-27,Current
LN-0001830,MBR-001113,Personal Loan,17971.98,6.42,48,2022-03-17,Delinquent
LN-0001831,MBR-000640,Auto Loan,32760.01,5.93,60,2018-09-01,Current
LN-0001832,MBR-000540,Credit Card,1605.33,11.14,0,2023-11-23,Current
LN-0001833,MBR-000716,Student Loan,71982.61,6.23,120,2023-09-11,Current
LN-0001834,MBR-000175,Credit Card,12178.3,4.2,0,2020-04-08,Paid Off
LN-0001835,MBR-000766,Auto Loan,12949.72,12.93,48,2022-09-15,Delinquent
LN-0001836,MBR-000033,Mortgage,419671.23,3.39,240,2024-03-16,Current
LN-0001837,MBR-001189,Auto Loan,31683.74,14.01,72,2023-08-05,Paid Off
LN-0001838,MBR-000701,Credit Card,7114.03,8.01,0,2021-05-08,Current
LN-0001839,MBR-001033,Auto Loan,26856.95,15.98,60,2020-04-07,Current
LN-0001840,MBR-000287,Personal Loan,5903.65,8.07,24,2020-08-20,Delinquent
LN-0001841,MBR-000511,Auto Loan,61933.21,4.69,60,2018-10-14,Current
LN-0001842,MBR-000059,Personal Loan,4438.15,7.13,48,2019-07-22,Delinquent
LN-0001843,MBR-000218,Personal Loan,24977.79,14.32,36,2021-06-06,Delinquent
LN-0001844,MBR-000861,Student Loan,47186.53,7.05,180,2019-07-11,Current
LN-0001845,MBR-000112,Auto Loan,24066.79,9.83,60,2023-05-12,Paid Off
LN-0001846,MBR-000740,Mortgage,156310.7,5.08,180,2019-10-21,Current
LN-0001847,MBR-001146,Mortgage,111313.97,6.01,360,2024-08-11,Paid Off
LN-0001848,MBR-000787,Home Equity,60064.82,11.94,180,2024-07-19,Current
LN-0001849,MBR-000612,Personal Loan,19418.93,5.59,12,2018-05-04,Current
LN-0001850,MBR-001078,Personal Loan,13920.28,8.29,48,2018-02-08,Delinquent
LN-0001851,MBR-000710,Credit Card,2311.56,13.43,0,2023-01-24,Paid Off
LN-0001852,MBR-000868,Personal Loan,19210.49,17.32,12,2019-06-10,Paid Off
LN-0001853,MBR-000158,Personal Loan,22607.42,3.97,48,2020-09-15,Current
LN-0001854,MBR-000848,Auto Loan,45826.49,3.68,72,2024-08-03,Current
LN-0001855,MBR-000550,Personal Loan,8766.73,6.07,36,2021-03-28,Current
LN-0001856,MBR-000413,Credit Card,11524.07,14.44,0,2023-08-19,Current
LN-0001857,MBR-000802,Mortgage,267993.41,4.56,360,2023-04-02,Current
LN-0001858,MBR-000166,Credit Card,6511.45,17.79,0,2018-06-26,Current
LN-0001859,MBR-000835,Mortgage,206404.99,6.97,240,2019-05-05,Delinquent
LN-0001860,MBR-000685,Personal Loan,5509.11,5.41,36,2018-11-02,Current
LN-0001861,MBR-000264,Auto Loan,16283.49,13.78,72,2021-07-01,Current
LN-0001862,MBR-001134,Personal Loan,12561.64,14.43,48,2020-03-22,Current
LN-0001863,MBR-001014,Mortgage,176152.19,3.92,360,2020-01-21,Current
LN-0001864,MBR-000513,Auto Loan,8246.49,5.25,72,2021-02-27,Current
LN-0001865,MBR-000800,Auto Loan,14151.39,,72,2020-09-25,Current
LN-0001866,MBR-000709,Auto Loan,30133.47,9.59,48,2019-12-13,Current
LN-0001867,MBR-000723,personal loan,9969.12,12.49,36,2019-11-12,Delinquent
LN-0001868,MBR-000611,Credit Card,-12652.39,13.79,0,2019-10-15,Current
LN-0001869,MBR-001073,Auto Loan,33335.89,16.04,72,2020-04-27,Delinquent
LN-0001870,MBR-000700,Credit Card,1672.52,11.57,0,2018-02-22,Paid Off
LN-0001871,MBR-000880,Credit Card,10252.69,13.94,0,2023-09-02,Delinquent
LN-0001872,MBR-000686,Auto Loan,45017.96,13.14,36,2019-02-26,Current
LN-0001873,MBR-000993,Credit Card,935.29,17.12,0,2022-10-03,Current
LN-0001874,MBR-000623,Personal Loan,13170.84,12.93,24,2022-08-24,Paid Off
LN-0001875,MBR-000395,Auto Loan,46980.5,12.36,48,2024-09-28,Current
LN-0001876,MBR-000448,Personal Loan,17523.88,13.16,12,2020-04-02,Current
LN-0001877,MBR-000918,Student Loan,29751.68,10.05,120,2024-07-12,Current
LN-0001878,MBR-000512,Auto Loan,30960.08,10.09,36,2023-02-12,Delinquent
LN-0001879,MBR-000311,Auto Loan,56696.03,7.74,36,2023-08-13,Current
LN-0001880,MBR-001040,Mortgage,142621.87,3.02,360,2018-10-30,Current
LN-0001881,MBR-000550,Mortgage,171054.0,6.27,240,2021-12-12,Current
LN-0001882,MBR-000342,Student Loan,57735.37,15.17,180,2019-03-21,Default
LN-0001883,MBR-001155,Home Equity,18199.22,15.93,60,2024-04-23,Current
LN-0001884,MBR-000525,Home Equity,58178.38,10.46,120,2022-06-07,Current
LN-0001885,MBR-000895,Personal Loan,9158.47,14.77,12,2024-07-14,Default
LN-0001886,MBR-000909,Mortgage,132409.42,3.94,360,2022-02-02,Paid Off
LN-0001887,MBR-000032,Student Loan,48438.01,7.63,120,2023-02-26,Current
LN-0001888,MBR-000471,Personal Loan,17931.36,,12,2022-12-01,Current
LN-0001889,MBR-000458,Student Loan,58396.72,11.48,240,2019-02-15,Paid Off
LN-0001890,MBR-000875,Personal Loan,12441.66,17.69,48,2019-11-03,Paid Off
LN-0001891,MBR-000513,Mortgage,445163.0,4.69,240,2023-06-02,Current
LN-0001892,MBR-000712,Personal Loan,21570.77,10.61,36,2020-03-04,Current
LN-0001893,MBR-000923,Auto Loan,21907.36,9.19,36,2024-08-15,Paid Off
LN-0001894,MBR-001126,Home Equity,81845.82,17.52,180,2018-07-25,Delinquent
LN-0001895,MBR-000120,Credit Card,5292.48,17.72,0,2024-08-12,Delinquent
LN-0001896,MBR-000558,Student Loan,63301.63,16.47,240,2018-05-14,Current
LN-0001897,MBR-000602,Personal Loan,20967.59,12.32,48,2018-02-23,Current
LN-0001898,MBR-000072,Personal Loan,13457.26,17.1,36,2022-05-27,Current
LN-0001899,MBR-001017,Auto Loan,56139.31,14.42,48,2024-06-08,Current
LN-0001900,MBR-000220,Mortgage,197644.04,5.59,240,2018-10-05,Current
LN-0001901,MBR-000602,Auto Loan,45636.84,12.74,48,2022-01-08,Current
LN-0001902,MBR-000086,Auto Loan,28142.25,7.85,36,2024-06-24,Current
LN-0001903,MBR-000643,Mortgage,309935.62,6.32,360,2018-05-29,Delinquent
LN-0001904,MBR-001111,Home Equity,106716.48,17.82,120,2022-10-29,Current
LN-0001905,MBR-001073,Mortgage,198467.05,,180,2020-04-07,Delinquent
LN-0001906,MBR-000964,Mortgage,277488.65,4.29,360,2020-03-07,Current
LN-0001907,MBR-001165,Home Equity,100541.27,16.15,120,2018-02-04,Current
LN-0001908,MBR-000010,Personal Loan,9358.02,7.98,12,2024-03-06,Current
LN-0001909,MBR-000963,Mortgage,100897.74,4.97,240,2022-07-21,Default
LN-0001910,MBR-001145,Mortgage,129866.29,3.15,180,2018-08-30,Paid Off
LN-0001911,MBR-000897,Auto Loan,-28378.74,12.55,48,2020-09-02,Delinquent
LN-0001912,MBR-001002,Mortgage,120982.76,6.92,180,2020-12-26,Delinquent
LN-0001913,MBR-000700,Credit Card,7247.35,6.25,0,2021-02-28,Current
LN-0001914,MBR-000195,Home Equity,56738.62,6.82,120,2019-12-29,Current
LN-0001915,MBR-001062,Mortgage,443746.33,4.45,360,2022-09-14,Delinquent
LN-0001916,MBR-000231,Credit Card,5796.85,5.01,0,2019-04-05,Current
LN-0001917,MBR-001113,Credit Card,1581.23,10.17,0,2022-09-19,Current
LN-0001918,MBR-001090,Auto Loan,42685.64,6.43,48,2018-10-05,Default
LN-0001919,MBR-000364,Credit Card,5140.56,17.32,0,2020-10-15,Paid Off
LN-0001920,MBR-000416,Home Equity,130304.89,14.77,180,2019-09-10,Current
LN-0001921,MBR-000658,Personal Loan,9136.04,8.09,36,2023-04-12,Default
LN-0001922,MBR-001097,Mortgage,384838.33,3.91,180,2021-01-08,Paid Off
LN-0001923,MBR-000774,Auto Loan,37944.08,13.24,48,2023-09-26,Paid Off
LN-0001924,MBR-000514,Personal Loan,18360.14,6.11,24,2023-04-07,Current
LN-0001925,MBR-000962,Mortgage,244243.15,6.92,180,2022-08-20,Current
LN-0001926,MBR-000318,Auto Loan,40598.94,,48,2020-07-02,Current
LN-0001927,MBR-000803,Auto Loan,21717.22,11.91,36,2023-08-18,Current
LN-0001928,MBR-000337,Personal Loan,-22540.98,16.37,24,2018-12-17,Current
LN-0001929,MBR-000461,Auto Loan,59561.0,5.8,48,2022-11-01,Current
LN-0001930,MBR-000632,Student Loan,48467.9,14.45,180,2022-01-15,Current
LN-0001931,MBR-000895,Home Equity,27471.1,5.64,180,2022-02-10,Current
LN-0001932,MBR-001099,Personal Loan,8012.13,12.56,36,2022-12-01,Current
LN-0001933,MBR-001103,Auto Loan,9156.23,5.96,60,2024-02-08,Current
LN-0001934,MBR-000810,Personal Loan,22002.91,6.6,24,2018-11-16,Current
LN-0001935,MBR-000086,Auto Loan,16988.75,9.21,48,2023-10-07,Delinquent
LN-0001936,MBR-000639,Mortgage,270759.67,6.64,360,2023-08-09,Current
LN-0001937,MBR-000491,Auto Loan,45163.88,6.73,36,2020-07-25,Paid Off
LN-0001938,MBR-000844,Auto Loan,29394.69,6.09,48,2023-11-17,Current
LN-0001939,MBR-000006,Mortgage,202577.55,5.77,240,2019-09-16,Current
LN-0001940,MBR-000004,Mortgage,275008.02,3.36,240,2022-08-26,Delinquent
LN-0001941,MBR-000798,Credit Card,4794.82,12.07,0,2022-12-17,Current
LN-0001942,MBR-000217,Student Loan,58929.18,16.42,120,2021-07-03,Current
LN-0001943,MBR-001118,Mortgage,198196.33,5.12,180,2019-08-28,Paid Off
LN-0001944,MBR-000561,Auto Loan,20053.18,11.11,48,2021-11-20,Current
LN-0001945,MBR-000139,Mortgage,85665.32,5.09,180,2023-10-14,Current
LN-0001946,MBR-000709,Mortgage,357140.76,6.78,240,2022-12-26,Current
LN-0001947,MBR-000408,Credit Card,7744.43,4.67,0,2024-06-12,Delinquent
LN-0001948,MBR-001153,Student Loan,-69977.47,13.58,180,2024-06-29,Current
LN-0001949,MBR-001125,auto loan,52809.89,6.12,60,2019-07-23,Current
LN-0001950,MBR-000324,Personal Loan,11322.67,8.35,12,2021-09-03,Delinquent
LN-0001951,MBR-000571,Home Equity,96019.3,6.86,180,2021-04-24,Current
LN-0001952,MBR-000749,Auto Loan,51072.98,10.55,72,2019-09-15,Delinquent
LN-0001953,MBR-000606,Auto Loan,60017.76,17.26,48,2023-05-28,Current
LN-0001954,MBR-000545,Auto Loan,49686.51,14.48,36,2020-02-22,Current
LN-0001955,MBR-000197,Auto Loan,31453.49,7.06,48,2024-08-16,Current
LN-0001956,MBR-000118,Credit Card,4449.54,13.23,0,2019-03-10,Current
LN-0001957,MBR-000433,Personal Loan,5089.49,4.36,12,2023-06-03,Current
LN-0001958,MBR-000220,Home Equity,78674.85,10.52,120,2018-02-10,Current
LN-0001959,MBR-001033,Home Equity,138573.15,11.18,120,2023-06-17,Delinquent
LN-0001960,MBR-000830,Personal Loan,1117.89,5.46,48,2022-03-31,Delinquent
LN-0001961,MBR-000540,Auto Loan,8380.76,5.03,36,2020-03-01,Current
LN-0001962,MBR-000272,Credit Card,10336.52,11.99,0,2018-01-20,Current
LN-0001963,MBR-000038,Auto Loan,42638.92,13.77,72,2022-12-12,Current
LN-0001964,MBR-001145,Student Loan,21277.13,14.24,180,2020-03-15,Current
LN-0001965,MBR-001134,Auto Loan,27283.27,10.57,60,2019-10-04,Current
LN-0001966,MBR-000451,Auto Loan,62510.15,14.56,60,2020-09-11,Current
LN-0001967,MBR-000086,Mortgage,278800.63,4.56,180,2024-09-23,Delinquent
LN-0001968,MBR-000062,Auto Loan,22475.65,15.24,72,2021-06-01,Current
LN-0001969,MBR-000921,Credit Card,1035.64,14.53,0,2024-06-16,Paid Off
LN-0001970,MBR-000798,Student Loan,30229.4,10.45,180,2020-08-12,Current
LN-0001971,MBR-000514,Auto Loan,34798.09,16.67,72,2024-01-27,Paid Off
LN-0001972,MBR-000042,Auto Loan,14241.81,13.28,60,2022-10-25,Current
LN-0001973,MBR-000331,Credit Card,13518.72,10.79,0,2023-02-03,Delinquent
LN-0001974,MBR-000207,Personal Loan,13151.21,6.13,48,2020-10-09,Current
LN-0001975,MBR-000680,Personal Loan,14342.36,13.85,48,2019-03-29,Paid Off
LN-0001976,MBR-001125,Credit Card,8521.79,5.58,0,2019-11-12,Default
LN-0001977,MBR-001043,Personal Loan,16564.56,7.24,12,2022-07-15,Current
LN-0001978,MBR-001148,Credit Card,13197.18,6.3,0,2018-09-10,Delinquent
LN-0001979,MBR-000254,Mortgage,216311.72,4.82,240,2018-03-31,Current
LN-0001980,MBR-000523,Mortgage,421127.42,3.43,360,2021-06-05,Current
LN-0001981,MBR-000911,Personal Loan,2083.26,6.96,12,2018-07-28,Delinquent
LN-0001982,MBR-000996,Auto Loan,31434.07,14.24,48,2024-04-20,Current
LN-0001983,MBR-000929,Student Loan,60698.05,7.25,240,2023-06-12,Current
LN-0001984,MBR-000236,Credit Card,9810.11,12.15,0,2022-08-11,Current
LN-0001985,MBR-000751,Mortgage,389250.42,6.76,360,2020-09-23,Paid Off
LN-0001986,MBR-000661,Auto Loan,41457.24,13.59,60,2024-08-14,Current
LN-0001987,MBR-001144,Personal Loan,18153.17,,12,2023-05-02,Current
LN-0001988,MBR-000324,Personal Loan,23898.19,4.35,36,2019-05-11,Current
LN-0001989,MBR-000953,Personal Loan,12527.12,18.0,48,2019-03-29,Paid Off
LN-0001990,MBR-000960,Auto Loan,32508.55,14.25,60,2018-02-07,Current
LN-0001991,MBR-000940,Auto Loan,49079.91,16.79,60,2020-05-12,Current
LN-0001992,MBR-000946,Personal Loan,23390.14,5.94,48,2018-05-22,Current
LN-0001993,MBR-000476,Mortgage,197869.91,4.39,240,2021-01-22,Paid Off
LN-0001994,MBR-000787,Credit Card,14838.03,10.93,0,2020-04-16,Current
LN-0001995,MBR-000719,Auto Loan,54349.05,9.2,36,2020-08-31,Current
LN-0001996,MBR-000192,Credit Card,2743.57,14.68,0,2022-11-05,Current
LN-0001997,MBR-000009,Personal Loan,18661.2,6.09,24,2019-04-12,Delinquent
LN-0001998,MBR-000459,Home Equity,142581.42,10.76,120,2018-10-28,Current
LN-0001999,MBR-000492,Student Loan,43947.04,17.33,180,2020-07-07,Current
LN-0002000,MBR-001143,Credit Card,13732.97,11.62,0,2022-01-01,Current
LN-0002001,MBR-000062,Personal Loan,24829.68,8.54,36,2023-08-01,Current
LN-0002002,MBR-000074,Mortgage,276692.97,7.0,240,2021-03-30,Current
LN-0002003,MBR-001194,Credit Card,14526.08,11.42,0,2019-12-11,Paid Off
LN-0002004,MBR-000818,Auto Loan,32560.48,4.01,48,2021-10-03,Delinquent
LN-0002005,MBR-000915,Home Equity,64036.27,16.06,60,2023-04-29,Default
LN-0002006,MBR-000354,Personal Loan,-5749.25,14.6,36,2021-10-01,Current
LN-0002007,MBR-000867,Home Equity,30119.8,17.1,120,2019-01-01,Current
LN-0002008,MBR-000884,Credit Card,4099.79,15.28,0,2020-12-07,Paid Off
LN-0002009,MBR-000195,Student Loan,5180.83,7.41,240,2019-03-19,Current
LN-0002010,MBR-000559,Auto Loan,55884.05,12.22,60,2020-10-05,Current
LN-0002011,MBR-000245,Credit Card,13466.5,10.97,0,2024-09-29,Current
LN-0002012,MBR-001055,Mortgage,299324.86,,240,2023-09-12,Current
LN-0002013,MBR-000052,Personal Loan,1799.95,15.66,12,2018-07-17,Current
LN-0002014,MBR-001062,Home Equity,103734.32,15.25,180,2024-08-14,Current
LN-0002015,MBR-000141,Auto Loan,47994.35,11.74,72,2018-04-01,Paid Off
LN-0002016,MBR-000596,Student Loan,77209.38,15.53,180,2019-08-14,Current
LN-0002017,MBR-001160,Mortgage,150354.0,6.5,180,2023-02-16,Delinquent
LN-0002018,MBR-000540,Mortgage,335389.66,4.44,180,2019-12-07,Current
LN-0002019,MBR-000162,Home Equity,50061.74,9.77,120,2021-12-20,Current
LN-0002020,MBR-000726,Personal Loan,21654.9,10.93,12,2020-05-14,Current
LN-0002021,MBR-000621,Auto Loan,36574.64,13.29,72,2021-04-05,Current
LN-0002022,MBR-000296,Credit Card,10743.42,11.67,0,2020-02-18,Delinquent
LN-0002023,MBR-000967,Student Loan,79491.32,16.45,240,2023-06-27,Current
LN-0002024,MBR-000446,Home Equity,91748.91,15.31,120,2023-07-01,Current
LN-0002025,MBR-000662,Credit Card,3401.13,7.06,0,2023-10-24,Current
LN-0002026,MBR-000289,Home Equity,78966.52,11.19,180,2024-02-14,Paid Off
LN-0002027,MBR-000785,Personal Loan,15717.39,6.08,48,2019-08-05,Paid Off
LN-0002028,MBR-001104,Auto Loan,53953.43,10.32,48,2020-11-07,Current
LN-0002029,MBR-000706,Student Loan,52608.55,10.32,240,2018-05-15,Current
LN-0002030,MBR-000275,Credit Card,757.34,15.98,0,2018-11-27,Delinquent
LN-0002031,MBR-000037,Auto Loan,30034.76,14.5,60,2020-12-31,Current
LN-0002032,MBR-000578,Home Equity,98873.46,3.94,60,2020-02-02,Paid Off
LN-0002033,MBR-000875,Student Loan,69255.88,12.74,180,2022-09-25,Current
LN-0002034,MBR-000279,Credit Card,10830.24,4.92,0,2021-04-24,Current
LN-0002035,MBR-001143,Auto Loan,9017.09,4.73,72,2023-04-05,Delinquent
LN-0002036,MBR-000386,Credit Card,11331.14,7.6,0,2021-08-22,Current
LN-0002037,MBR-000263,Personal Loan,19340.23,10.41,24,2023-02-11,Current
LN-0002038,MBR-000219,Home Equity,85357.38,16.22,60,2019-01-17,Current
LN-0002039,MBR-000072,Auto Loan,29572.32,11.2,72,2023-12-29,Current
LN-0002040,MBR-000033,Credit Card,12039.41,7.64,0,2024-08-04,Delinquent
LN-0002041,MBR-000638,Personal Loan,12395.29,16.27,24,2024-08-12,Current
LN-0002042,MBR-000308,Student Loan,75028.28,8.0,120,2022-09-16,Delinquent
LN-0002043,MBR-000843,Home Equity,75089.25,10.06,180,2018-10-07,Current
LN-0002044,MBR-000849,Home Equity,25587.87,6.76,180,2021-08-26,Current
LN-0002045,MBR-001200,Auto Loan,63424.59,5.16,60,2022-11-30,Current
LN-0002046,MBR-000179,Mortgage,250431.72,5.22,360,2022-09-27,Current
LN-0002047,MBR-000777,Credit Card,5619.65,14.6,0,2023-03-19,Current
LN-0002048,MBR-000277,Auto Loan,39358.02,12.85,36,2018-05-04,Current
LN-0002049,MBR-000853,Mortgage,226191.59,4.44,240,2023-06-24,Current
LN-0002050,MBR-000088,Mortgage,-227089.25,3.44,360,2018-02-27,Delinquent
LN-0002051,MBR-000724,Mortgage,258986.56,3.83,180,2019-12-16,Current
LN-0002052,MBR-000808,Personal Loan,17890.49,5.36,36,2023-10-16,Current
LN-0002053,MBR-000255,Mortgage,137456.75,4.49,180,2020-06-08,Default
LN-0002054,MBR-000476,Student Loan,39747.18,13.29,240,2023-06-06,Current
LN-0002055,MBR-000267,Personal Loan,20991.44,,48,2021-08-14,Current
LN-0002056,MBR-000897,Mortgage,175001.47,5.12,240,2018-11-04,Current
LN-0002057,MBR-000846,Auto Loan,45640.63,11.86,36,2023-05-26,Default
LN-0002058,MBR-000845,Mortgage,264088.36,6.01,240,2019-09-13,Delinquent
LN-0002059,MBR-000349,Auto Loan,21125.01,9.16,48,2018-07-26,Current
LN-0002060,MBR-001174,Personal Loan,4465.79,,48,2022-04-05,Current
LN-0002061,MBR-000192,Home Equity,104260.16,6.05,180,2020-07-06,Delinquent
LN-0002062,MBR-000851,Home Equity,145293.26,4.54,180,2022-04-01,Current
LN-0002063,MBR-000830,Home Equity,46932.25,14.68,120,2019-12-23,Default
LN-0002064,MBR-000524,Auto Loan,57446.84,4.05,60,2018-09-18,Current
LN-0002065,MBR-000446,Student Loan,9624.82,9.21,180,2019-08-18,Delinquent
LN-0002066,MBR-000159,Personal Loan,2355.67,10.9,12,2021-05-15,Default
LN-0002067,MBR-000746,Credit Card,13433.93,6.33,0,2020-10-06,Current
LN-0002068,MBR-000335,Credit Card,9137.61,11.92,0,2022-12-10,Current
LN-0002069,MBR-001198,Home Equity,19985.97,4.79,60,2024-08-04,Paid Off
LN-0002070,MBR-000667,Auto Loan,39298.3,17.62,72,2018-02-08,Current
LN-0002071,MBR-000215,Auto Loan,15335.37,10.89,48,2023-04-14,Delinquent
LN-0002072,MBR-001117,Credit Card,4663.35,8.72,0,2018-12-09,Delinquent
LN-0002073,MBR-000354,Home Equity,102229.91,4.42,180,2021-12-17,Delinquent
LN-0002074,MBR-000747,Personal Loan,15400.82,5.75,36,2022-01-20,Paid Off
LN-0002075,MBR-000053,Credit Card,13524.62,6.33,0,2019-08-29,Current
LN-0002076,MBR-000483,Personal Loan,4449.27,15.88,48,2019-03-02,Current
LN-0002077,MBR-000840,Personal Loan,23637.3,9.45,36,2023-08-06,Current
LN-0002078,MBR-000310,Credit Card,4058.15,14.49,0,2024-03-05,Paid Off
LN-0002079,MBR-001106,Personal Loan,10674.91,8.0,36,2018-04-15,Delinquent
LN-0002080,MBR-001085,Auto Loan,8085.98,16.61,72,2023-06-16,Current
LN-0002081,MBR-000163,Mortgage,245218.59,6.65,360,2024-02-23,Paid Off
LN-0002082,MBR-000606,Personal Loan,8931.86,17.07,24,2021-05-15,Delinquent
LN-0002083,MBR-000469,Auto Loan,35332.17,16.47,48,2019-10-02,Delinquent
LN-0002084,MBR-001029,Auto Loan,60717.58,8.5,48,2020-06-14,Current
LN-0002085,MBR-000591,Student Loan,8770.91,17.47,120,2024-09-24,Current
LN-0002086,MBR-000268,Credit Card,883.1,10.43,0,2019-11-03,Current
LN-0002087,MBR-000484,Student Loan,35726.73,3.73,240,2021-07-22,Current
LN-0002088,MBR-000993,Student Loan,22388.44,9.82,120,2022-12-13,Current
LN-0002089,MBR-001037,Home Equity,107207.72,8.52,180,2022-01-23,Current
LN-0002090,MBR-000519,Student Loan,24795.95,14.99,240,2022-05-18,Current
LN-0002091,MBR-000695,Personal Loan,12459.32,10.51,24,2022-12-02,Current
LN-0002092,MBR-000933,Personal Loan,10203.72,15.31,12,2024-02-24,Delinquent
LN-0002093,MBR-001102,Credit Card,3703.65,,0,2018-04-27,Paid Off
LN-0002094,MBR-000233,Personal Loan,10114.82,11.48,36,2018-05-13,Current
LN-0002095,MBR-000379,Auto Loan,15164.05,13.04,72,2019-02-27,Paid Off
LN-0002096,MBR-000114,Credit Card,11563.54,8.38,0,2022-03-04,Default
LN-0002097,MBR-000968,Personal Loan,22764.3,11.99,12,2024-05-25,Current
LN-0002098,MBR-000246,Mortgage,419003.95,5.36,360,2023-06-26,Delinquent
LN-0002099,MBR-001131,Auto Loan,47988.91,10.4,48,2023-03-20,Default
LN-0002100,MBR-000934,Auto Loan,44549.89,10.97,48,2022-11-27,Default
LN-0002101,MBR-001022,Mortgage,200584.19,4.51,180,2018-08-15,Delinquent
LN-0002102,MBR-000909,Home Equity,-96081.19,5.78,180,2018-04-22,Delinquent
LN-0002103,MBR-000373,Home Equity,34921.3,8.66,120,2023-10-18,Current
LN-0002104,MBR-000624,Home Equity,114607.87,9.67,60,2018-10-05,Current
LN-0002105,MBR-000906,Auto Loan,53688.16,8.08,36,2024-08-14,Delinquent
LN-0002106,MBR-001037,Home Equity,56061.37,10.68,180,2021-07-15,Delinquent
LN-0002107,MBR-000803,Personal Loan,16039.74,5.56,24,2022-02-28,Current
LN-0002108,MBR-000169,Credit Card,12854.8,9.43,0,2023-01-11,Current
LN-0002109,MBR-001122,Auto Loan,33644.43,3.91,48,2023-06-04,Default
LN-0002110,MBR-001141,credit card,2118.77,17.69,0,2021-06-24,Current
LN-0002111,MBR-000873,Home Equity,91458.4,15.52,180,2022-03-04,Current
LN-0002112,MBR-001028,Auto Loan,57040.11,14.79,36,2022-10-01,Current
LN-0002113,MBR-000848,Auto Loan,30748.16,10.47,60,2024-04-29,Current
LN-0002114,MBR-000670,Auto Loan,54220.38,8.12,72,2023-05-26,Paid Off
LN-0002115,MBR-000367,Personal Loan,20801.93,14.36,12,2018-04-16,Current
LN-0002116,MBR-000310,Auto Loan,35612.56,,60,2023-04-20,Current
LN-0002117,MBR-000234,Auto Loan,24316.73,8.86,72,2021-05-25,Current
LN-0002118,MBR-000244,Personal Loan,17332.76,5.16,36,2022-02-11,Current
LN-0002119,MBR-000035,Home Equity,74460.84,12.99,60,2018-06-22,Current
LN-0002120,MBR-001135,Mortgage,128145.54,5.15,240,2024-05-26,Current
LN-0002121,MBR-000631,Mortgage,202852.42,5.92,360,2023-09-05,Paid Off
LN-0002122,MBR-000433,Mortgage,229276.47,5.19,180,2021-05-31,Current
LN-0002123,MBR-000079,Mortgage,161744.53,4.57,240,2020-01-24,Current
LN-0002124,MBR-000834,Personal Loan,6946.83,12.31,12,2018-05-23,Current
LN-0002125,MBR-000038,Auto Loan,63455.0,16.58,72,2023-07-24,Current
LN-0002126,MBR-001179,Personal Loan,18729.77,4.24,48,2020-05-13,Current
LN-0002127,MBR-000237,Credit Card,14559.68,17.41,0,2020-07-01,Paid Off
LN-0002128,MBR-000223,Home Equity,89184.65,8.79,60,2022-04-10,Current
LN-0002129,MBR-000758,Personal Loan,3680.86,16.06,24,2022-09-24,Current
LN-0002130,MBR-000353,Credit Card,2846.11,14.46,0,2023-08-03,Delinquent
LN-0002131,MBR-000746,Auto Loan,11415.85,11.68,72,2019-05-06,Current
LN-0002132,MBR-001016,Auto Loan,32185.21,16.46,48,2022-04-17,Paid Off
LN-0002133,MBR-000518,Personal Loan,22519.71,8.33,36,2020-12-11,Delinquent
LN-0002134,MBR-000707,Home Equity,82530.42,12.68,180,2022-08-24,Delinquent
LN-0002135,MBR-001175,Credit Card,2160.3,6.68,0,2024-04-03,Current
LN-0002136,MBR-000043,Mortgage,379916.27,6.64,240,2020-10-06,Current
LN-0002137,MBR-000356,Credit Card,10216.7,3.54,0,2021-02-26,Delinquent
LN-0002138,MBR-000554,Auto Loan,17710.35,13.56,48,2021-12-14,Current
LN-0002139,MBR-001141,Auto Loan,54583.54,9.74,48,2018-12-28,Current
LN-0002140,MBR-000706,Auto Loan,8506.95,13.17,60,2019-06-27,Default
LN-0002141,MBR-000695,Auto Loan,30911.9,11.35,36,2023-09-23,Paid Off
LN-0002142,MBR-000028,Personal Loan,12299.51,5.69,24,2020-04-21,Current
LN-0002143,MBR-001001,Mortgage,118968.49,6.52,180,2022-07-24,Current
LN-0002144,MBR-000257,Personal Loan,22981.36,9.73,36,2022-11-15,Paid Off
LN-0002145,MBR-000254,Mortgage,392473.76,6.43,360,2023-01-03,Current
LN-0002146,MBR-001178,Auto Loan,42604.53,6.31,36,2020-04-04,Current
LN-0002147,MBR-000826,Personal Loan,7255.22,15.32,12,2021-09-15,Current
LN-0002148,MBR-000429,Credit Card,960.35,4.6,0,2020-04-25,Default
LN-0002149,MBR-000620,Auto Loan,19820.2,13.37,48,2020-02-15,Current
LN-0002150,MBR-000197,Mortgage,118998.07,4.81,360,2018-02-16,Current
LN-0002151,MBR-000455,Mortgage,389523.16,6.32,360,2022-02-05,Paid Off
LN-0002152,MBR-000494,Mortgage,281345.66,3.42,240,2020-10-04,Current
LN-0002153,MBR-000045,Home Equity,119611.51,3.68,120,2020-01-22,Current
LN-0002154,MBR-000290,Personal Loan,24732.65,6.03,24,2021-06-27,Default
LN-0002155,MBR-000690,Auto Loan,52563.77,17.9,48,2022-10-12,Paid Off
LN-0002156,MBR-000089,Student Loan,14402.95,4.38,180,2018-05-16,Current
LN-0002157,MBR-001017,Student Loan,6324.61,5.47,240,2023-11-15,Current
LN-0002158,MBR-000377,Credit Card,6628.45,9.24,0,2018-07-23,Paid Off
LN-0002159,MBR-001142,Student Loan,55521.3,5.88,180,2018-06-21,Current
LN-0002160,MBR-000929,Auto Loan,23992.69,6.37,36,2020-03-09,Current
LN-0002161,MBR-000107,Personal Loan,19971.35,13.14,24,2022-06-18,Delinquent
LN-0002162,MBR-000583,Personal Loan,13327.98,8.23,48,2023-11-14,Delinquent
LN-0002163,MBR-000345,Personal Loan,13790.79,16.4,24,2019-09-18,Current
LN-0002164,MBR-000358,Student Loan,29598.03,4.04,180,2024-08-24,Delinquent
LN-0002165,MBR-000606,Personal Loan,22200.04,7.73,12,2023-09-04,Current
LN-0002166,MBR-001119,Auto Loan,35106.46,12.62,48,2021-01-09,Delinquent
LN-0002167,MBR-001072,Auto Loan,56009.43,8.71,60,2018-03-11,Current
LN-0002168,MBR-000740,Auto Loan,57846.7,10.75,72,2018-05-09,Current
LN-0002169,MBR-000297,Auto Loan,-58092.38,15.01,60,2024-08-03,Delinquent
LN-0002170,MBR-000768,Home Equity,93392.68,7.34,60,2018-07-19,Current
LN-0002171,MBR-000410,Student Loan,73894.84,8.24,120,2022-11-16,Current
LN-0002172,MBR-001162,Auto Loan,64412.46,14.28,48,2022-05-02,Current
LN-0002173,MBR-000600,Auto Loan,39334.87,5.76,36,2018-02-01,Current
LN-0002174,MBR-001193,Auto Loan,34511.3,14.21,36,2021-10-01,Delinquent
LN-0002175,MBR-001135,Auto Loan,59071.27,3.67,60,2022-08-19,Delinquent
LN-0002176,MBR-000855,Student Loan,32360.12,8.85,180,2022-11-06,Current
LN-0002177,MBR-000058,Auto Loan,18586.03,16.96,72,2023-05-16,Paid Off
LN-0002178,MBR-000045,Auto Loan,41123.81,17.52,60,2022-12-31,Current
LN-0002179,MBR-000753,Personal Loan,12961.02,6.28,24,2023-07-25,Default
LN-0002180,MBR-000713,Auto Loan,64146.66,8.08,72,2023-11-11,Current
LN-0002181,MBR-000237,Personal Loan,18488.71,16.0,12,2023-05-10,Paid Off
LN-0002182,MBR-000529,Auto Loan,22996.38,5.78,60,2022-02-01,Paid Off
LN-0002183,MBR-000418,Personal Loan,23154.14,10.31,36,2019-01-14,Current
LN-0002184,MBR-000658,Personal Loan,-23654.35,12.99,36,2023-05-03,Delinquent
LN-0002185,MBR-000186,Student Loan,35248.77,16.64,180,2018-04-29,Current
LN-0002186,MBR-000258,Personal Loan,13774.19,15.93,12,2023-02-07,Current
LN-0002187,MBR-000780,Personal Loan,21125.97,7.26,12,2018-09-18,Current
LN-0002188,MBR-000650,Auto Loan,15403.17,9.28,36,2022-11-28,Current
LN-0002189,MBR-000863,Credit Card,3483.74,14.55,0,2021-05-25,Paid Off
LN-0002190,MBR-000520,Credit Card,7358.89,16.23,0,2022-11-23,Current
LN-0002191,MBR-000128,Mortgage,410985.63,6.97,180,2018-10-28,Delinquent
LN-0002192,MBR-000460,Mortgage,431231.54,5.69,240,2019-02-05,Current
LN-0002193,MBR-000866,Personal Loan,4524.7,15.76,48,2021-03-20,Current
LN-0002194,MBR-000888,Credit Card,4419.88,14.99,0,2022-10-28,Current
LN-0002195,MBR-000437,Personal Loan,24985.85,12.97,24,2021-04-05,Current
LN-0002196,MBR-000025,Student Loan,45749.14,15.79,120,2023-06-04,Current
LN-0002197,MBR-000770,Auto Loan,39773.4,14.61,48,2018-02-26,Current
LN-0002198,MBR-000570,Mortgage,260727.88,6.77,180,2020-09-02,Current
LN-0002199,MBR-000961,Auto Loan,51266.22,10.43,36,2022-10-14,Current
LN-0002200,MBR-000495,Auto Loan,-54093.09,13.68,60,2018-07-19,Current
LN-0002201,MBR-000170,Student Loan,13668.15,8.25,180,2024-03-31,Current
LN-0002202,MBR-000735,Auto Loan,9211.03,14.0,60,2018-05-14,Current
LN-0002203,MBR-001087,Auto Loan,49605.52,9.16,36,2022-06-13,Paid Off
LN-0002204,MBR-000353,Auto Loan,32283.18,12.71,36,2024-09-10,Current
LN-0002205,MBR-000781,Auto Loan,35814.16,12.87,36,2023-09-23,Paid Off
LN-0002206,MBR-001029,Credit Card,1790.93,5.28,0,2023-03-01,Paid Off
LN-0002207,MBR-000329,Auto Loan,62467.54,6.19,72,2023-06-14,Current
LN-0002208,MBR-000439,Mortgage,207292.59,6.41,240,2019-05-20,Current
LN-0002209,MBR-000535,Auto Loan,23918.3,6.03,72,2020-02-12,Current
LN-0002210,MBR-000521,Auto Loan,52708.47,13.31,60,2019-09-11,Current
LN-0002211,MBR-000986,Auto Loan,29068.11,10.87,36,2021-03-23,Current
LN-0002212,MBR-001161,Auto Loan,62677.54,15.01,48,2018-01-09,Default
LN-0002213,MBR-001122,Personal Loan,15587.09,17.53,24,2022-06-08,Current
LN-0002214,MBR-000714,Personal Loan,6340.65,13.96,12,2022-09-26,Paid Off
LN-0002215,MBR-000175,Auto Loan,13909.12,,36,2020-09-07,Delinquent
LN-0002216,MBR-000764,Student Loan,55729.76,6.08,180,2022-07-17,Paid Off
LN-0002217,MBR-000591,Home Equity,133375.67,5.97,60,2019-06-01,Current
LN-0002218,MBR-000511,Mortgage,199049.04,6.17,240,2018-08-31,Paid Off
LN-0002219,MBR-001198,Credit Card,2019.99,10.46,0,2024-04-20,Default
LN-0002220,MBR-000254,Auto Loan,64283.96,,48,2019-07-30,Current
LN-0002221,MBR-000429,Personal Loan,9937.03,12.56,12,2023-01-14,Default
LN-0002222,MBR-000505,Mortgage,153016.66,5.87,360,2022-11-28,Paid Off
LN-0002223,MBR-000428,Personal Loan,17107.44,11.84,48,2019-11-24,Current
LN-0002224,MBR-001000,Credit Card,721.21,8.15,0,2021-12-29,Current
LN-0002225,MBR-000541,Mortgage,117413.55,3.56,360,2018-04-23,Delinquent
LN-0002226,MBR-001060,Student Loan,9346.92,16.99,240,2024-01-01,Current
LN-0002227,MBR-000698,Mortgage,352438.81,3.99,180,2022-03-01,Current
LN-0002228,MBR-000481,Auto Loan,9899.28,14.69,72,2022-08-11,Current
LN-0002229,MBR-000823,Auto Loan,59609.02,4.81,36,2022-10-31,Delinquent
LN-0002230,MBR-000691,Home Equity,18450.84,7.05,60,2019-04-13,Default
LN-0002231,MBR-000159,Student Loan,5631.6,17.24,180,2024-06-01,Current
LN-0002232,MBR-001190,Auto Loan,10898.15,3.71,60,2023-10-21,Current
LN-0002233,MBR-000554,Personal Loan,17626.54,5.34,48,2024-04-08,Current
LN-0002234,MBR-000658,Auto Loan,32202.17,8.26,48,2024-06-15,Delinquent
LN-0002235,MBR-000904,Mortgage,124269.44,3.11,240,2019-10-13,Paid Off
LN-0002236,MBR-001124,Credit Card,14560.57,,0,2021-07-09,Delinquent
LN-0002237,MBR-000203,Mortgage,358805.88,6.55,240,2024-01-20,Default
LN-0002238,MBR-000892,Personal Loan,17897.05,17.98,12,2023-01-06,Current
LN-0002239,MBR-000114,Student Loan,52688.17,16.61,180,2021-08-27,Current
LN-0002240,MBR-000357,Auto Loan,49572.68,12.87,60,2024-09-29,Delinquent
LN-0002241,MBR-000147,Auto Loan,22677.21,12.6,60,2018-05-17,Current
LN-0002242,MBR-000040,Mortgage,391874.45,,240,2022-11-11,Current
LN-0002243,MBR-000083,Credit Card,1042.45,7.75,0,2020-11-09,Default
LN-0002244,MBR-000433,Auto Loan,-63162.86,15.24,60,2019-11-29,Current
LN-0002245,MBR-000291,Credit Card,6246.57,5.45,0,2022-09-25,Current
LN-0002246,MBR-000679,Home Equity,27038.88,10.85,60,2019-03-14,Delinquent
LN-0002247,MBR-000123,Mortgage,123475.62,5.55,360,2018-04-03,Current
LN-0002248,MBR-000145,Credit Card,4222.48,12.66,0,2023-05-25,Paid Off
LN-0002249,MBR-000794,Credit Card,12369.1,15.58,0,2018-06-13,Delinquent
LN-0002250,MBR-000507,Auto Loan,34138.3,10.34,48,2022-01-23,Current
LN-0002251,MBR-000600,Auto Loan,41841.72,7.6,48,2020-10-26,Delinquent
LN-0002252,MBR-001042,Credit Card,1476.0,4.78,0,2022-12-24,Current
LN-0002253,MBR-001010,Student Loan,49677.26,13.8,240,2023-02-18,Delinquent
LN-0002254,MBR-000546,Student Loan,-27450.3,11.19,240,2021-06-06,Current
LN-0002255,MBR-001115,Auto Loan,31095.1,16.29,48,2021-03-30,Current
LN-0002256,MBR-000977,Credit Card,7437.07,13.16,0,2022-09-09,Delinquent
LN-0002257,MBR-001088,Auto Loan,22149.19,15.92,60,2019-04-02,Current
LN-0002258,MBR-001103,Mortgage,193446.25,4.96,240,2022-11-07,Current
LN-0002259,MBR-000168,Mortgage,302513.66,7.02,180,2022-04-08,Default
LN-0002260,MBR-000432,Auto Loan,32808.02,11.9,36,2023-12-15,Delinquent
LN-0002261,MBR-000240,Auto Loan,29361.77,12.96,48,2024-08-18,Delinquent
LN-0002262,MBR-000621,Credit Card,11883.91,10.42,0,2019-03-31,Current
LN-0002263,MBR-000114,Auto Loan,28815.81,17.3,36,2018-12-17,Current
LN-0002264,MBR-001103,Personal Loan,20493.82,5.42,48,2020-06-05,Current
LN-0002265,MBR-000552,Personal Loan,18581.51,13.79,48,2022-05-18,Paid Off
LN-0002266,MBR-000693,Home Equity,146160.51,3.55,120,2018-04-19,Paid Off
LN-0002267,MBR-000921,Auto Loan,60926.55,10.32,48,2023-04-29,Current
LN-0002268,MBR-000124,Student Loan,46649.19,17.87,120,2022-10-13,Delinquent
LN-0002269,MBR-001107,Auto Loan,44264.61,14.78,72,2021-06-08,Current
LN-0002270,MBR-000585,Auto Loan,28540.45,4.32,72,2024-10-06,Default
LN-0002271,MBR-001016,Credit Card,7272.0,11.12,0,2021-02-13,Current
LN-0002272,MBR-000229,Personal Loan,23676.26,9.71,36,2018-03-30,Default
LN-0002273,MBR-000361,Personal Loan,3378.6,12.29,36,2022-10-16,Current
LN-0002274,MBR-000427,Auto Loan,46183.77,3.81,36,2020-03-16,Current
LN-0002275,MBR-000038,Auto Loan,61975.69,10.46,48,2019-12-30,Default
LN-0002276,MBR-000571,Mortgage,116137.55,3.02,360,2022-04-03,Delinquent
LN-0002277,MBR-000242,Mortgage,144581.39,6.81,240,2020-12-12,Current
LN-0002278,MBR-000947,Student Loan,72926.0,7.32,180,2024-08-14,Current
LN-0002279,MBR-000387,Credit Card,8661.8,16.64,0,2022-02-14,Current
LN-0002280,MBR-001188,Auto Loan,20360.04,17.24,60,2020-02-13,Current
LN-0002281,MBR-000588,Credit Card,8183.57,7.85,0,2023-04-26,Delinquent
LN-0002282,MBR-000665,Auto Loan,21887.5,15.34,48,2023-01-12,Current
LN-0002283,MBR-001179,Auto Loan,12253.34,5.8,36,2021-09-13,Current
LN-0002284,MBR-000570,Credit Card,9992.19,7.93,0,2023-03-24,Current
LN-0002285,MBR-000999,Mortgage,169019.22,5.3,360,2023-11-27,Current
LN-0002286,MBR-001079,Student Loan,38183.25,10.84,180,2020-11-19,Current
LN-0002287,MBR-000604,Auto Loan,29625.79,16.14,48,2024-09-10,Current
LN-0002288,MBR-000577,Auto Loan,26054.38,6.7,36,2019-07-31,Current
LN-0002289,MBR-000943,Credit Card,8718.29,5.45,0,2020-10-18,Delinquent
LN-0002290,MBR-000865,Personal Loan,13698.61,4.95,48,2020-06-28,Delinquent
LN-0002291,MBR-000429,Student Loan,54629.16,3.94,120,2021-08-17,Current
LN-0002292,MBR-000188,Credit Card,7418.67,13.57,0,2023-03-04,Current
LN-0002293,MBR-000850,Student Loan,65143.23,17.98,120,2020-01-28,Paid Off
LN-0002294,MBR-000912,Auto Loan,20145.25,,72,2018-07-01,Current
LN-0002295,MBR-000593,Mortgage,233080.64,3.35,360,2019-10-10,Paid Off
LN-0002296,MBR-000032,Student Loan,36194.63,6.53,180,2021-10-02,Current
LN-0002297,MBR-000351,Student Loan,28481.93,4.73,180,2020-10-19,Current
LN-0002298,MBR-000171,Auto Loan,39755.42,15.87,36,2021-05-25,Current
LN-0002299,MBR-000144,Home Equity,92243.57,8.26,180,2022-07-23,Current
LN-0002300,MBR-000391,Credit Card,10690.35,7.47,0,2023-06-09,Current
LN-0002301,MBR-001029,Credit Card,5318.16,5.67,0,2021-12-04,Current
LN-0002302,MBR-000535,Credit Card,6108.46,16.21,0,2019-03-26,Delinquent
LN-0002303,MBR-000217,Home Equity,36513.62,14.77,60,2019-04-20,Current
LN-0002304,MBR-000756,Student Loan,6579.59,4.6,180,2021-09-14,Current
LN-0002305,MBR-001124,Personal Loan,23979.35,16.37,36,2021-01-14,Delinquent
LN-0002306,MBR-000282,Mortgage,422013.43,6.45,360,2022-07-15,Current
LN-0002307,MBR-000710,Credit Card,1439.56,15.38,0,2022-12-01,Delinquent
LN-0002308,MBR-000842,Mortgage,404773.45,7.26,240,2018-06-26,Current
LN-0002309,MBR-001035,Auto Loan,16542.45,16.64,36,2022-12-29,Paid Off
LN-0002310,MBR-000091,Personal Loan,2867.42,7.34,48,2022-01-14,Current
LN-0002311,MBR-000958,Personal Loan,18692.77,13.41,36,2020-10-27,Current
LN-0002312,MBR-001013,Personal Loan,2927.87,15.56,48,2021-11-25,Delinquent
LN-0002313,MBR-000012,Credit Card,13732.55,11.53,0,2023-09-08,Current
LN-0002314,MBR-000877,Student Loan,41166.4,4.16,180,2023-06-23,Current
LN-0002315,MBR-000363,Mortgage,166045.9,5.64,180,2020-11-26,Current
LN-0002316,MBR-000743,Auto Loan,62267.11,14.31,72,2023-12-31,Current
LN-0002317,MBR-000575,Credit Card,1288.58,11.1,0,2019-11-30,Delinquent
LN-0002318,MBR-000587,Home Equity,99786.76,14.71,180,2023-12-25,Paid Off
LN-0002319,MBR-000339,Personal Loan,-10720.11,5.37,24,2022-08-27,Current
LN-0002320,MBR-000733,Personal Loan,16796.32,14.99,48,2019-11-21,Delinquent
LN-0002321,MBR-000128,Auto Loan,29184.71,8.39,60,2019-03-09,Current
LN-0002322,MBR-000893,Home Equity,35475.92,11.8,120,2024-01-28,Default
LN-0002323,MBR-000112,Auto Loan,28505.47,17.72,72,2023-10-05,Current
LN-0002324,MBR-000365,Personal Loan,-7621.79,4.17,12,2022-05-06,Current
LN-0002325,MBR-000949,Credit Card,12424.17,16.64,0,2019-02-01,Delinquent
LN-0002326,MBR-000241,Credit Card,14742.5,12.78,0,2022-05-15,Current
LN-0002327,MBR-000494,Credit Card,11451.08,14.96,0,2018-04-22,Delinquent
LN-0002328,MBR-000642,Credit Card,10861.25,3.52,0,2018-06-06,Current
LN-0002329,MBR-000764,Mortgage,81966.47,4.27,360,2018-07-28,Current
LN-0002330,MBR-000119,Auto Loan,8841.1,10.58,36,2019-10-17,Default
LN-0002331,MBR-000009,Home Equity,118672.12,8.15,180,2018-07-24,Paid Off
LN-0002332,MBR-000672,Student Loan,29630.24,10.49,240,2023-09-12,Delinquent
LN-0002333,MBR-000784,Auto Loan,17382.77,8.22,36,2022-12-26,Current
LN-0002334,MBR-000287,Student Loan,32054.63,8.13,180,2018-08-18,Current
LN-0002335,MBR-000897,Mortgage,255373.85,6.42,240,2018-02-25,Delinquent
LN-0002336,MBR-000247,Credit Card,9708.99,4.77,0,2022-01-09,Delinquent
LN-0002337,MBR-000007,Personal Loan,16166.81,4.1,36,2022-03-11,Current
LN-0002338,MBR-000443,Credit Card,2733.36,9.4,0,2022-04-17,Current
LN-0002339,MBR-001047,Personal Loan,15682.04,4.11,24,2022-02-23,Current
LN-0002340,MBR-000752,Personal Loan,10875.22,4.16,12,2019-09-02,Current
LN-0002341,MBR-000609,Mortgage,130654.31,4.41,180,2024-05-13,Current
LN-0002342,MBR-000883,Auto Loan,63171.5,8.57,48,2018-12-11,Delinquent
LN-0002343,MBR-000574,Personal Loan,11097.11,14.53,36,2018-05-10,Delinquent
LN-0002344,MBR-000782,Home Equity,121619.44,16.97,60,2023-12-28,Current
LN-0002345,MBR-000468,Auto Loan,46405.95,4.17,48,2018-02-02,Current
LN-0002346,MBR-001062,Mortgage,360793.25,,360,2022-05-03,Current
LN-0002347,MBR-000315,Personal Loan,7204.14,3.85,36,2020-10-01,Delinquent
LN-0002348,MBR-001055,Personal Loan,1962.51,10.74,24,2022-05-12,Current
LN-0002349,MBR-000858,Student Loan,20190.29,10.8,180,2020-04-20,Paid Off
LN-0002350,MBR-001077,Student Loan,16042.54,6.25,120,2024-04-30,Current
LN-0002351,MBR-000348,Auto Loan,36499.16,12.65,72,2022-01-22,Current
LN-0002352,MBR-001154,Mortgage,311372.28,6.58,240,2020-02-10,Current
LN-0002353,MBR-000140,Credit Card,8394.42,11.82,0,2018-02-26,Current
LN-0002354,MBR-001073,Auto Loan,59692.09,10.55,36,2021-06-30,Delinquent
LN-0002355,MBR-000773,Personal Loan,23293.58,9.62,12,2023-01-16,Current
LN-0002356,MBR-000935,student loan,38214.93,6.65,120,2024-04-02,Current
LN-0002357,MBR-001119,Student Loan,30930.95,14.02,180,2023-12-14,Paid Off
LN-0002358,MBR-000557,Credit Card,8242.77,6.29,0,2021-07-27,Current
LN-0002359,MBR-000278,Personal Loan,5387.15,6.64,12,2022-09-26,Delinquent
LN-0002360,MBR-001184,Personal Loan,17410.04,6.73,12,2023-12-16,Current
LN-0002361,MBR-001074,Auto Loan,63610.85,14.75,48,2022-12-03,Current
LN-0002362,MBR-001017,Auto Loan,64598.38,4.66,60,2023-06-17,Current
LN-0002363,MBR-000411,Home Equity,53300.22,5.92,60,2023-05-12,Delinquent
LN-0002364,MBR-000565,Student Loan,23902.34,6.35,120,2023-07-28,Paid Off
LN-0002365,MBR-000721,Mortgage,308164.57,4.84,180,2018-05-12,Current
LN-0002366,MBR-000562,Home Equity,69131.43,16.5,60,2021-09-22,Current
LN-0002367,MBR-000995,Mortgage,197146.23,4.92,360,2019-05-28,Current
LN-0002368,MBR-000685,Mortgage,236107.02,5.04,360,2020-01-02,Current
LN-0002369,MBR-000861,Personal Loan,7511.4,9.79,12,2019-02-10,Current
LN-0002370,MBR-000898,Home Equity,140255.22,11.58,180,2024-01-11,Current
LN-0002371,MBR-001099,Home Equity,96786.1,9.16,60,2022-01-06,Current
LN-0002372,MBR-000383,Mortgage,410572.77,7.42,180,2020-07-17,Current
LN-0002373,MBR-001146,Student Loan,20057.84,12.95,120,2021-06-04,Default
LN-0002374,MBR-000749,Auto Loan,30730.96,4.26,36,2019-09-01,Delinquent
LN-0002375,MBR-000075,Mortgage,240557.63,4.28,180,2024-05-09,Paid Off
LN-0002376,MBR-000804,Personal Loan,16984.16,16.16,36,2021-10-23,Paid Off
LN-0002377,MBR-000972,Credit Card,13104.68,15.89,0,2023-07-04,Delinquent
LN-0002378,MBR-000009,Student Loan,28609.35,15.41,120,2021-10-24,Delinquent
LN-0002379,MBR-000405,Auto Loan,52102.57,6.38,36,2022-08-14,Paid Off
LN-0002380,MBR-000218,Auto Loan,33503.76,12.59,72,2018-09-27,Default
LN-0002381,MBR-000518,Auto Loan,16368.93,3.99,36,2022-07-26,Current
LN-0002382,MBR-000527,Auto Loan,55426.78,12.87,72,2021-10-18,Current
LN-0002383,MBR-000656,Student Loan,26333.6,,240,2020-12-14,Current
LN-0002384,MBR-001174,Credit Card,3287.57,15.66,0,2021-11-07,Current
LN-0002385,MBR-001155,Student Loan,19047.12,7.27,120,2021-11-11,Paid Off
LN-0002386,MBR-000338,Credit Card,1221.14,16.0,0,2021-01-26,Delinquent
LN-0002387,MBR-000275,Mortgage,263152.8,6.17,240,2021-03-22,Current
LN-0002388,MBR-000634,Personal Loan,11957.18,9.71,48,2021-03-02,Default
LN-0002389,MBR-000931,Auto Loan,44268.55,14.59,60,2023-05-24,Current
LN-0002390,MBR-000606,Auto Loan,53319.99,9.45,36,2018-03-31,Current
LN-0002391,MBR-000356,Mortgage,141066.08,5.56,180,2022-04-03,Current
LN-0002392,MBR-000729,Mortgage,435350.42,,180,2020-01-08,Current
LN-0002393,MBR-000962,Mortgage,290114.07,4.63,360,2020-12-05,Current
LN-0002394,MBR-000240,Home Equity,149176.54,6.73,60,2020-12-22,Current
LN-0002395,MBR-000042,Personal Loan,16655.51,4.53,24,2024-08-17,Current
LN-0002396,MBR-001106,Home Equity,103535.99,7.41,120,2018-03-26,Delinquent
LN-0002397,MBR-000320,Mortgage,107129.98,3.45,180,2020-01-18,Current
LN-0002398,MBR-000162,Personal Loan,7301.82,10.69,24,2023-03-18,Current
LN-0002399,MBR-000058,Personal Loan,15921.18,17.23,12,2022-07-06,Paid Off
LN-0002400,MBR-000368,Student Loan,58534.58,,120,2019-06-17,Current
LN-0002401,MBR-001076,Auto Loan,50106.52,4.08,48,2022-12-12,Current
LN-0002402,MBR-000391,Mortgage,310034.75,6.76,180,2022-05-12,Current
LN-0002403,MBR-000549,Auto Loan,46695.18,12.0,48,2023-09-08,Paid Off
LN-0002404,MBR-001080,Auto Loan,54088.68,14.26,36,2019-02-17,Current
LN-0002405,MBR-001183,Personal Loan,12560.16,7.62,48,2019-02-09,Current
LN-0002406,MBR-000145,Student Loan,38447.8,17.14,120,2018-10-19,Delinquent
LN-0002407,MBR-000785,Credit Card,9435.78,9.63,0,2023-03-19,Current
LN-0002408,MBR-000042,Credit Card,2987.18,11.16,0,2024-04-25,Current
LN-0002409,MBR-000951,Auto Loan,8284.92,5.25,48,2021-08-26,Current
LN-0002410,MBR-000864,Auto Loan,43001.79,3.54,48,2023-07-25,Default
LN-0002411,MBR-001140,Personal Loan,14813.1,15.51,24,2023-08-02,Current
LN-0002412,MBR-000810,Student Loan,55724.32,10.4,120,2018-12-30,Current
LN-0002413,MBR-000423,Mortgage,129579.16,5.95,240,2021-08-24,Current
LN-0002414,MBR-000614,Auto Loan,42696.33,15.23,36,2024-08-28,Delinquent
LN-0002415,MBR-001177,Student Loan,61981.33,,120,2020-12-12,Delinquent
LN-0002416,MBR-000289,Credit Card,6977.96,13.14,0,2023-01-20,Default
LN-0002417,MBR-000012,Mortgage,101753.07,6.03,360,2019-10-02,Current
LN-0002418,MBR-000393,Auto Loan,38281.43,10.07,36,2023-05-08,Current
LN-0002419,MBR-000849,Personal Loan,22883.79,12.48,48,2023-02-24,Delinquent
LN-0002420,MBR-000112,Home Equity,46669.73,17.92,60,2018-01-05,Paid Off
LN-0002421,MBR-000623,Personal Loan,11062.08,12.81,48,2022-01-25,Delinquent
LN-0002422,MBR-000977,Personal Loan,8220.65,,36,2018-01-12,Current
LN-0002423,MBR-000312,Auto Loan,11107.38,14.86,72,2020-02-01,Current
LN-0002424,MBR-000201,Credit Card,14286.21,8.35,0,2020-06-19,Default
LN-0002425,MBR-000607,Auto Loan,41995.43,17.29,36,2022-09-08,Current
LN-0002426,MBR-000774,Auto Loan,57456.38,10.45,36,2022-11-04,Current
LN-0002427,MBR-000942,Auto Loan,40842.26,7.4,36,2023-02-28,Delinquent
LN-0002428,MBR-000883,Home Equity,29027.73,11.84,120,2022-08-17,Current
LN-0002429,MBR-001126,Personal Loan,15781.3,15.5,24,2019-09-05,Current
LN-0002430,MBR-001004,Mortgage,195059.04,5.11,360,2024-01-18,Current
LN-0002431,MBR-000714,Mortgage,444897.53,6.33,360,2022-10-31,Paid Off
LN-0002432,MBR-000480,Auto Loan,52422.61,4.02,72,2018-09-23,Paid Off
LN-0002433,MBR-000727,Auto Loan,54307.52,6.32,48,2022-04-25,Current
LN-0002434,MBR-000671,Personal Loan,19353.22,11.07,12,2021-02-08,Current
LN-0002435,MBR-000831,Personal Loan,15619.03,15.53,12,2020-09-09,Current
LN-0002436,MBR-000344,Home Equity,120653.64,13.08,120,2024-05-23,Current
LN-0002437,MBR-000457,Auto Loan,45258.71,12.36,60,2019-03-12,Current
LN-0002438,MBR-000048,Auto Loan,59454.14,12.12,60,2022-11-06,Delinquent
LN-0002439,MBR-001119,Auto Loan,13599.75,14.53,60,2019-09-30,Current
LN-0002440,MBR-000149,Mortgage,333702.97,4.95,360,2024-09-09,Current
LN-0002441,MBR-000103,Mortgage,385940.09,5.35,240,2021-06-16,Default
LN-0002442,MBR-000797,Auto Loan,35183.72,10.27,48,2024-10-31,Current
LN-0002443,MBR-000103,Mortgage,91025.68,6.33,360,2021-11-12,Current
LN-0002444,MBR-000983,Personal Loan,17419.96,17.64,36,2023-06-07,Current
LN-0002445,MBR-000172,Personal Loan,18913.95,11.04,48,2019-01-14,Current
LN-0002446,MBR-000312,Home Equity,97454.34,12.69,120,2022-09-14,Current
LN-0002447,MBR-000710,Credit Card,14016.95,,0,2018-11-05,Current
LN-0002448,MBR-000827,Auto Loan,22954.38,12.53,48,2019-08-17,Current
LN-0002449,MBR-001089,Personal Loan,8342.65,13.35,48,2023-09-05,Current
LN-0002450,MBR-000541,Auto Loan,23860.68,11.3,48,2019-01-10,Current
LN-0002451,MBR-000695,Personal Loan,15448.49,14.79,36,2019-02-25,Current
LN-0002452,MBR-000509,Auto Loan,61300.36,10.32,36,2023-08-28,Delinquent
LN-0002453,MBR-000342,Credit Card,2669.98,17.72,0,2019-08-26,Current
LN-0002454,MBR-001166,Personal Loan,18811.95,,48,2021-08-27,Paid Off
LN-0002455,MBR-000457,Personal Loan,1295.58,13.79,36,2021-08-28,Delinquent
LN-0002456,MBR-000350,Mortgage,188264.21,5.14,360,2024-01-26,Current
LN-0002457,MBR-000903,Home Equity,92832.92,16.08,180,2023-01-25,Current
LN-0002458,MBR-000740,Credit Card,14300.32,14.0,0,2018-03-21,Current
LN-0002459,MBR-000279,Personal Loan,19137.58,,12,2022-08-02,Paid Off
LN-0002460,MBR-000406,Credit Card,9720.7,10.01,0,2020-05-30,Default
LN-0002461,MBR-000909,Personal Loan,9099.23,9.01,48,2020-05-16,Delinquent
LN-0002462,MBR-001101,Personal Loan,13600.33,16.0,36,2020-10-13,Current
LN-0002463,MBR-000155,Credit Card,10714.59,12.99,0,2022-05-18,Delinquent
LN-0002464,MBR-000400,Credit Card,7557.45,14.52,0,2021-03-26,Current
LN-0002465,MBR-000347,Auto Loan,38874.18,16.21,48,2021-02-23,Delinquent
LN-0002466,MBR-000270,Mortgage,334270.75,4.74,180,2023-10-22,Current
LN-0002467,MBR-000091,Student Loan,37439.21,12.09,240,2020-04-09,Current
LN-0002468,MBR-001084,Auto Loan,49065.18,12.44,36,2022-04-11,Current
LN-0002469,MBR-000627,Home Equity,80440.39,8.91,120,2019-03-10,Delinquent
LN-0002470,MBR-000738,Personal Loan,8993.32,17.33,48,2019-12-23,Current
LN-0002471,MBR-000151,Auto Loan,26188.92,11.43,36,2024-02-25,Paid Off
LN-0002472,MBR-000064,Mortgage,113951.99,7.03,240,2019-02-12,Current
LN-0002473,MBR-000820,Auto Loan,52457.54,9.5,36,2023-09-11,Delinquent
LN-0002474,MBR-000558,Auto Loan,55461.39,5.45,36,2020-03-23,Current
LN-0002475,MBR-001016,Credit Card,3580.0,11.61,0,2018-10-25,Delinquent
LN-0002476,MBR-000624,Auto Loan,58838.72,13.63,36,2024-08-18,Paid Off
LN-0002477,MBR-000770,Mortgage,371228.16,3.79,360,2019-05-13,Current
LN-0002478,MBR-000968,Auto Loan,17469.5,4.83,48,2019-03-06,Current
LN-0002479,MBR-000634,Personal Loan,6212.88,5.4,24,2019-03-14,Current
LN-0002480,MBR-000035,Personal Loan,17878.02,16.1,48,2021-07-13,Current
LN-0002481,MBR-000342,Auto Loan,20462.77,15.93,36,2022-04-10,Current
LN-0002482,MBR-001134,Credit Card,-1992.37,11.83,0,2019-02-01,Paid Off
LN-0002483,MBR-000371,Credit Card,1434.32,9.26,0,2019-10-02,Current
LN-0002484,MBR-000066,Auto Loan,56482.59,12.96,36,2024-09-10,Current
LN-0002485,MBR-000794,Auto Loan,48157.47,15.33,36,2023-03-22,Current
LN-0002486,MBR-000579,Personal Loan,17706.6,11.79,12,2022-11-13,Delinquent
LN-0002487,MBR-000719,Auto Loan,62753.69,8.76,36,2022-07-06,Delinquent
LN-0002488,MBR-000640,Credit Card,8854.78,8.98,0,2023-06-11,Current
LN-0002489,MBR-000693,Auto Loan,20616.32,5.32,72,2022-12-21,Current
LN-0002490,MBR-000307,Auto Loan,8006.87,7.99,48,2021-10-16,Current
LN-0002491,MBR-001154,Auto Loan,53335.35,6.77,60,2023-05-23,Current
LN-0002492,MBR-001033,Auto Loan,8664.84,15.03,60,2019-02-22,Current
LN-0002493,MBR-000636,Personal Loan,6788.04,,48,2022-01-25,Current
LN-0002494,MBR-000759,Credit Card,5730.94,13.89,0,2022-05-11,Default
LN-0002495,MBR-000217,Credit Card,13765.43,3.81,0,2019-11-24,Current
LN-0002496,MBR-001122,Student Loan,5522.44,14.29,240,2019-04-05,Default
LN-0002497,MBR-000246,Student Loan,60723.31,,180,2023-03-06,Current
LN-0002498,MBR-000802,Mortgage,324894.34,6.03,360,2021-03-08,Paid Off
LN-0002499,MBR-001102,Credit Card,13120.72,11.59,0,2019-11-06,Current
LN-0002500,MBR-001139,Student Loan,11024.96,3.93,120,2022-04-20,Delinquent
LN-0002501,MBR-000605,Auto Loan,24613.8,5.57,72,2019-04-17,Delinquent
LN-0002502,MBR-000447,Auto Loan,24905.81,11.92,60,2018-03-04,Paid Off
LN-0002503,MBR-000038,Student Loan,58917.43,8.58,180,2020-03-12,Paid Off
LN-0002504,MBR-000920,Home Equity,95122.91,,180,2019-01-16,Current
LN-0002505,MBR-000327,Auto Loan,11231.13,11.06,60,2022-10-30,Delinquent
LN-0002506,MBR-000013,Personal Loan,3696.3,4.36,48,2018-02-22,Current
LN-0002507,MBR-000415,Home Equity,25835.28,7.19,60,2023-01-18,Current
LN-0002508,MBR-000710,Auto Loan,11948.04,8.86,36,2019-01-30,Current
LN-0002509,MBR-001126,Auto Loan,17389.22,5.15,48,2020-04-16,Current
LN-0002510,MBR-000212,Auto Loan,60277.9,14.57,48,2024-07-24,Current
LN-0002511,MBR-000280,Credit Card,11830.9,17.17,0,2022-05-02,Current
LN-0002512,MBR-000532,Personal Loan,20598.29,9.05,36,2018-07-15,Current
LN-0002513,MBR-000627,Auto Loan,-64099.39,17.49,48,2021-12-29,Current
LN-0002514,MBR-001054,Personal Loan,1198.83,11.05,36,2019-03-15,Current
LN-0002515,MBR-000684,Auto Loan,22028.55,17.11,72,2021-10-13,Default
LN-0002516,MBR-001153,Credit Card,8171.9,14.79,0,2023-12-12,Default
LN-0002517,MBR-000694,Auto Loan,63333.24,10.59,36,2024-01-27,Current
LN-0002518,MBR-000039,Auto Loan,32553.65,10.38,72,2024-08-23,Current
LN-0002519,MBR-000252,Home Equity,59331.54,15.75,60,2024-06-28,Current
LN-0002520,MBR-000628,Personal Loan,17959.95,3.86,48,2024-08-18,Paid Off
LN-0002521,MBR-000932,Credit Card,7326.95,11.51,0,2020-10-03,Current
LN-0002522,MBR-000764,Personal Loan,11190.66,8.06,48,2019-11-01,Current
LN-0002523,MBR-000975,Auto Loan,62907.52,17.24,72,2018-06-25,Current
LN-0002524,MBR-000083,Personal Loan,10731.99,8.16,12,2020-12-23,Current
LN-0002525,MBR-000814,Mortgage,396692.13,3.68,360,2023-09-08,Current
LN-0002526,MBR-000884,Auto Loan,28190.68,13.95,36,2024-07-16,Current
LN-0002527,MBR-000487,Personal Loan,6767.56,7.13,24,2023-03-10,Current
LN-0002528,MBR-000539,Auto Loan,12279.04,8.49,72,2019-05-04,Delinquent
LN-0002529,MBR-000223,Home Equity,53738.28,9.04,60,2018-04-14,Current
LN-0002530,MBR-000469,Home Equity,57124.84,7.57,120,2021-11-30,Delinquent
LN-0002531,MBR-000398,Auto Loan,13569.64,9.25,60,2024-08-23,Current
LN-0002532,MBR-000029,Mortgage,319435.47,7.0,240,2020-07-04,Current
LN-0002533,MBR-000971,Mortgage,448299.03,3.47,240,2022-11-11,Current
LN-0002534,MBR-000542,Credit Card,7869.7,12.5,0,2021-02-26,Current
LN-0002535,MBR-000350,Personal Loan,12214.92,7.3,48,2018-05-20,Paid Off
LN-0002536,MBR-000889,Credit Card,1633.79,11.68,0,2023-10-16,Current
LN-0002537,MBR-000413,Mortgage,448382.96,4.37,180,2020-07-27,Current
LN-0002538,MBR-000568,Mortgage,322176.87,4.81,240,2022-08-17,Current
LN-0002539,MBR-000834,Mortgage,115431.03,6.95,360,2023-04-30,Current
LN-0002540,MBR-001144,Auto Loan,12285.99,8.51,48,2024-07-02,Current
LN-0002541,MBR-000359,Auto Loan,30658.94,4.42,36,2020-09-03,Current
LN-0002542,MBR-001068,Personal Loan,1320.14,10.91,36,2024-09-14,Paid Off
LN-0002543,MBR-000514,Mortgage,106253.5,4.52,180,2020-10-13,Current
LN-0002544,MBR-001046,Home Equity,74970.99,12.69,180,2024-01-22,Current
LN-0002545,MBR-000119,Credit Card,13445.03,17.5,0,2023-01-10,Current
LN-0002546,MBR-000512,Mortgage,170681.96,6.48,360,2023-10-17,Delinquent
LN-0002547,MBR-000899,Auto Loan,25129.19,10.92,36,2018-12-17,Current
LN-0002548,MBR-000327,Auto Loan,10963.19,13.58,72,2024-03-13,Current
LN-0002549,MBR-000174,Auto Loan,64066.61,15.81,36,2020-11-11,Current
LN-0002550,MBR-000077,Student Loan,20115.96,9.59,180,2024-02-25,Current
LN-0002551,MBR-000919,Mortgage,440809.41,4.92,180,2023-05-19,Paid Off
LN-0002552,MBR-000835,Auto Loan,31712.85,14.49,60,2018-09-29,Delinquent
LN-0002553,MBR-000874,Personal Loan,12388.42,4.58,48,2024-08-28,Current
LN-0002554,MBR-000500,Home Equity,79209.69,15.6,120,2022-09-02,Delinquent
LN-0002555,MBR-000702,Personal Loan,12559.84,10.69,36,2024-04-24,Current
LN-0002556,MBR-000848,Auto Loan,63458.67,16.97,48,2022-12-07,Current
LN-0002557,MBR-000773,Auto Loan,15440.04,7.37,36,2020-01-18,Current
LN-0002558,MBR-000247,Student Loan,65900.9,6.01,180,2024-08-04,Current
LN-0002559,MBR-000007,Student Loan,37861.88,9.46,120,2024-08-09,Current
LN-0002560,MBR-000064,Personal Loan,12780.32,4.81,24,2022-11-26,Current
LN-0002561,MBR-000769,personal loan,21606.0,3.72,48,2019-02-21,Current
LN-0002562,MBR-001016,Credit Card,11321.23,6.5,0,2018-11-24,Current
LN-0002563,MBR-000752,Mortgage,147196.01,7.06,180,2022-07-11,Current
LN-0002564,MBR-000775,Auto Loan,16462.3,4.53,36,2023-07-23,Delinquent
LN-0002565,MBR-000691,Student Loan,40913.37,,240,2021-03-08,Current
LN-0002566,MBR-000884,Student Loan,67103.6,9.42,240,2018-10-01,Delinquent
LN-0002567,MBR-000043,Credit Card,2885.6,7.73,0,2022-03-23,Current
LN-0002568,MBR-000437,Auto Loan,47356.99,16.24,72,2023-01-24,Current
LN-0002569,MBR-000035,Personal Loan,5572.91,14.73,24,2022-09-08,Current
LN-0002570,MBR-000636,Mortgage,297863.71,4.96,240,2022-03-25,Delinquent
LN-0002571,MBR-000237,Mortgage,360385.42,5.33,180,2021-03-27,Current
LN-0002572,MBR-000627,Mortgage,176237.39,3.47,360,2022-05-18,Current
LN-0002573,MBR-000116,Credit Card,2793.4,14.27,0,2018-04-01,Current
LN-0002574,MBR-000144,Home Equity,26443.5,6.36,180,2021-08-18,Current
LN-0002575,MBR-000084,Personal Loan,9223.32,9.12,48,2019-06-22,Paid Off
LN-0002576,MBR-000714,Personal Loan,13645.14,6.37,12,2022-02-25,Current
LN-0002577,MBR-000995,Personal Loan,23905.47,17.95,36,2024-07-03,Delinquent
LN-0002578,MBR-000272,Auto Loan,42284.19,10.45,72,2018-11-22,Current
LN-0002579,MBR-000243,Credit Card,936.56,12.27,0,2020-12-17,Delinquent
LN-0002580,MBR-000569,Student Loan,20253.32,16.92,240,2019-07-21,Current
LN-0002581,MBR-000248,auto loan,30153.22,10.56,72,2023-09-05,Current
LN-0002582,MBR-000981,Mortgage,165819.7,7.11,240,2019-05-16,Current
LN-0002583,MBR-000585,Mortgage,334189.52,6.55,240,2023-03-26,Current
LN-0002584,MBR-000559,Personal Loan,4613.48,11.63,12,2018-09-07,Current
LN-0002585,MBR-000974,auto loan,11124.34,8.11,36,2020-10-03,Current
LN-0002586,MBR-000920,Mortgage,443185.28,7.23,180,2020-07-24,Current
LN-0002587,MBR-000039,Mortgage,319289.7,5.41,240,2023-02-24,Current
LN-0002588,MBR-001180,Home Equity,99251.44,15.65,180,2019-12-12,Paid Off
LN-0002589,MBR-000980,Home Equity,56104.95,13.31,120,2020-09-29,Current
LN-0002590,MBR-000826,Auto Loan,31164.0,9.87,72,2018-10-14,Current
LN-0002591,MBR-000426,Credit Card,2231.01,3.65,0,2019-08-07,Delinquent
LN-0002592,MBR-001057,Personal Loan,1653.42,7.17,48,2022-02-09,Delinquent
LN-0002593,MBR-000641,Auto Loan,24925.76,17.47,48,2020-11-17,Paid Off
LN-0002594,MBR-000953,Personal Loan,2161.52,11.34,12,2018-11-09,Delinquent
LN-0002595,MBR-001040,Auto Loan,8521.65,3.84,48,2018-03-18,Current
LN-0002596,MBR-000727,Personal Loan,11231.59,9.57,12,2018-06-07,Paid Off
LN-0002597,MBR-000648,Auto Loan,25126.6,17.27,36,2021-07-07,Current
LN-0002598,MBR-000298,Personal Loan,13414.47,17.65,12,2019-12-16,Current
LN-0002599,MBR-000405,Credit Card,-3779.9,15.52,0,2021-06-26,Paid Off
LN-0002600,MBR-000657,Personal Loan,24115.74,4.72,24,2024-06-14,Default
LN-0002601,MBR-000849,Auto Loan,8791.72,4.63,60,2018-09-16,Current
LN-0002602,MBR-000370,Mortgage,216382.7,3.63,240,2022-10-20,Current
LN-0002603,MBR-000131,Auto Loan,45568.13,4.39,60,2022-08-12,Current
LN-0002604,MBR-000156,Credit Card,14179.98,14.43,0,2023-09-21,Paid Off
LN-0002605,MBR-000684,Student Loan,30473.79,15.32,180,2020-01-08,Current
LN-0002606,MBR-001092,Home Equity,72082.9,14.35,60,2023-07-27,Delinquent
LN-0002607,MBR-001038,Auto Loan,48561.5,15.03,36,2020-09-29,Delinquent
LN-0002608,MBR-000181,Mortgage,352037.46,3.08,360,2024-01-04,Paid Off
LN-0002609,MBR-000646,Credit Card,6556.18,8.59,0,2018-09-01,Current
LN-0002610,MBR-000197,Mortgage,369435.47,4.57,360,2023-02-04,Current
LN-0002611,MBR-000476,Auto Loan,38503.26,8.99,48,2024-09-06,Delinquent
LN-0002612,MBR-000034,Home Equity,49313.66,3.74,180,2019-11-07,Delinquent
LN-0002613,MBR-000098,Student Loan,47015.07,7.02,180,2020-02-13,Current
LN-0002614,MBR-000429,Student Loan,60950.69,5.81,180,2019-08-06,Current
LN-0002615,MBR-000710,Student Loan,59361.95,9.05,120,2023-08-31,Current
LN-0002616,MBR-000907,Mortgage,161266.87,7.43,180,2024-08-31,Current
LN-0002617,MBR-001185,Home Equity,25725.4,11.32,180,2021-12-18,Delinquent
LN-0002618,MBR-001085,Student Loan,6134.43,15.77,180,2023-05-30,Current
LN-0002619,MBR-001062,Auto Loan,46880.76,4.53,72,2022-01-20,Current
LN-0002620,MBR-000828,Credit Card,9708.05,14.1,0,2021-04-12,Current
LN-0002621,MBR-000773,Mortgage,81311.37,3.94,180,2023-01-07,Current
LN-0002622,MBR-001066,Personal Loan,8877.02,15.02,12,2019-06-26,Current
LN-0002623,MBR-000094,Auto Loan,53209.53,,36,2023-03-11,Paid Off
LN-0002624,MBR-000532,Student Loan,23854.68,17.94,120,2019-11-19,Current
LN-0002625,MBR-000551,auto loan,35226.91,12.71,72,2018-11-27,Paid Off
LN-0002626,MBR-000139,Auto Loan,51165.54,14.48,72,2020-01-07,Current
LN-0002627,MBR-000518,Student Loan,71990.52,4.7,240,2022-05-26,Current
LN-0002628,MBR-001001,Home Equity,44683.13,6.15,120,2022-09-18,Current
LN-0002629,MBR-000218,Student Loan,72581.71,14.55,120,2018-02-16,Delinquent
LN-0002630,MBR-001075,Auto Loan,13163.01,5.8,36,2018-09-01,Default
LN-0002631,MBR-000774,Home Equity,51151.94,17.27,180,2022-03-28,Current
LN-0002632,MBR-000198,Personal Loan,4367.08,5.4,36,2022-04-14,Default
LN-0002633,MBR-000780,Auto Loan,30426.95,9.74,48,2023-07-06,Paid Off
LN-0002634,MBR-000524,Auto Loan,14719.06,4.37,48,2024-10-26,Current
LN-0002635,MBR-001092,Home Equity,113066.03,13.0,120,2018-09-07,Delinquent
LN-0002636,MBR-000878,Home Equity,87812.57,8.87,120,2023-01-17,Current
LN-0002637,MBR-000945,Credit Card,5142.9,12.04,0,2023-06-27,Paid Off
LN-0002638,MBR-001195,Credit Card,10883.87,11.97,0,2023-06-02,Current
LN-0002639,MBR-000445,Credit Card,8301.68,7.69,0,2020-03-03,Current
LN-0002640,MBR-000357,Auto Loan,34391.49,3.97,36,2019-09-23,Current
LN-0002641,MBR-000712,Auto Loan,48407.42,12.43,60,2019-01-02,Paid Off
LN-0002642,MBR-000965,Credit Card,2545.43,17.8,0,2018-08-04,Current
LN-0002643,MBR-000359,Student Loan,76749.27,13.43,120,2024-02-07,Delinquent
LN-0002644,MBR-001134,Student Loan,68218.34,12.74,240,2018-02-23,Current
LN-0002645,MBR-000162,Auto Loan,51991.04,10.78,60,2021-06-01,Delinquent
LN-0002646,MBR-000952,Student Loan,14515.28,,180,2019-03-15,Delinquent
LN-0002647,MBR-000195,Student Loan,68827.52,16.15,180,2022-10-23,Paid Off
LN-0002648,MBR-000857,Personal Loan,-20874.96,10.05,12,2018-02-21,Current
LN-0002649,MBR-000888,Auto Loan,64549.62,15.56,36,2021-04-06,Current
LN-0002650,MBR-000876,Mortgage,204202.82,5.86,240,2020-01-31,Current
LN-0002651,MBR-001194,Credit Card,9781.15,10.62,0,2020-06-24,Delinquent
LN-0002652,MBR-000791,Auto Loan,49333.21,17.63,48,2023-05-22,Delinquent
LN-0002653,MBR-000723,Home Equity,145443.48,13.34,180,2018-11-11,Current
LN-0002654,MBR-000779,Home Equity,100207.98,6.73,60,2018-08-26,Delinquent
LN-0002655,MBR-000858,Auto Loan,13213.5,12.76,60,2020-07-30,Current
LN-0002656,MBR-000258,Student Loan,79105.18,15.34,240,2018-03-12,Current
LN-0002657,MBR-000837,Personal Loan,16879.35,14.98,24,2018-04-20,Paid Off
LN-0002658,MBR-001070,Auto Loan,61070.28,7.47,48,2022-07-27,Current
LN-0002659,MBR-001070,Personal Loan,15772.99,16.83,24,2021-03-10,Current
LN-0002660,MBR-000870,Personal Loan,4461.9,15.11,48,2021-04-03,Current
LN-0002661,MBR-000412,Auto Loan,38111.25,14.08,72,2018-04-10,Current
LN-0002662,MBR-000214,Personal Loan,5050.98,13.79,12,2024-03-29,Current
LN-0002663,MBR-000898,Personal Loan,5937.58,4.98,24,2021-10-14,Current
LN-0002664,MBR-000953,Personal Loan,10658.25,7.36,36,2019-03-04,Current
LN-0002665,MBR-000958,Personal Loan,18160.63,15.82,24,2021-05-27,Current
LN-0002666,MBR-000236,Personal Loan,5271.49,10.41,12,2023-03-05,Current
LN-0002667,MBR-000609,Personal Loan,16417.53,3.92,36,2018-01-30,Current
LN-0002668,MBR-000682,Home Equity,143924.63,10.53,120,2021-07-03,Current
LN-0002669,MBR-000512,Auto Loan,33999.82,4.17,48,2020-03-15,Current
LN-0002670,MBR-000262,Student Loan,32173.09,7.66,240,2024-01-08,Current
LN-0002671,MBR-000509,Personal Loan,12692.87,13.65,36,2021-06-29,Current
LN-0002672,MBR-001186,Home Equity,19401.41,4.95,180,2023-03-10,Default
LN-0002673,MBR-000347,credit card,7843.45,12.96,0,2023-10-31,Current
LN-0002674,MBR-000203,Auto Loan,35065.07,5.46,72,2023-06-30,Delinquent
LN-0002675,MBR-000693,Auto Loan,55526.67,3.57,36,2023-01-21,Current
LN-0002676,MBR-001078,Auto Loan,18961.05,15.0,48,2019-11-14,Current
LN-0002677,MBR-000797,Personal Loan,18972.4,3.98,24,2023-03-18,Current
LN-0002678,MBR-001137,Personal Loan,4107.89,3.71,24,2020-09-01,Current
LN-0002679,MBR-000090,Student Loan,46581.77,8.79,240,2018-04-16,Delinquent
LN-0002680,MBR-000028,Auto Loan,22103.45,3.51,48,2023-02-12,Current
LN-0002681,MBR-000982,Mortgage,370811.35,5.95,360,2019-09-26,Current
LN-0002682,MBR-000126,Student Loan,45679.5,16.54,180,2024-05-28,Delinquent
LN-0002683,MBR-000958,Personal Loan,16540.92,5.93,36,2021-01-07,Current
LN-0002684,MBR-001150,Auto Loan,8148.68,14.79,48,2023-02-04,Delinquent
LN-0002685,MBR-000632,Credit Card,14016.4,13.1,0,2020-06-06,Current
LN-0002686,MBR-000800,Auto Loan,41209.68,16.49,72,2021-01-08,Current
LN-0002687,MBR-000471,Student Loan,31959.24,15.81,240,2021-11-28,Current
LN-0002688,MBR-000538,Personal Loan,6173.13,10.98,12,2022-11-16,Current
LN-0002689,MBR-001137,Personal Loan,5990.95,13.62,24,2024-08-01,Current
LN-0002690,MBR-000117,Student Loan,70643.5,15.95,240,2021-05-04,Current
LN-0002691,MBR-000087,Auto Loan,41960.51,16.79,36,2021-01-30,Current
LN-0002692,MBR-001152,Student Loan,76880.02,10.36,120,2023-10-04,Current
LN-0002693,MBR-000554,Mortgage,95882.86,3.2,180,2022-09-20,Current
LN-0002694,MBR-001107,Credit Card,14710.74,10.65,0,2018-03-29,Delinquent
LN-0002695,MBR-000043,Auto Loan,59496.22,7.64,48,2021-08-11,Current
LN-0002696,MBR-000677,Personal Loan,20662.74,13.61,36,2022-09-24,Current
LN-0002697,MBR-000028,Auto Loan,27349.25,12.97,36,2019-06-08,Delinquent
LN-0002698,MBR-000601,Mortgage,443053.19,4.28,240,2018-06-02,Current
LN-0002699,MBR-000082,Personal Loan,16621.04,16.61,36,2021-01-08,Delinquent
LN-0002700,MBR-000969,Home Equity,136167.85,15.65,180,2023-05-17,Current
LN-0002701,MBR-000112,Student Loan,44856.93,8.33,120,2024-01-07,Current
LN-0002702,MBR-000117,Auto Loan,47375.21,9.55,60,2023-02-28,Current
LN-0002703,MBR-000541,Credit Card,2451.91,13.33,0,2020-03-08,Current
LN-0002704,MBR-000936,Auto Loan,64092.98,15.48,48,2023-08-16,Default
LN-0002705,MBR-000732,Personal Loan,8964.71,9.5,36,2022-04-23,Default
LN-0002706,MBR-000788,Auto Loan,63161.28,10.42,48,2022-06-30,Current
LN-0002707,MBR-000106,Auto Loan,27574.06,7.29,60,2021-10-26,Default
LN-0002708,MBR-000280,Mortgage,315110.88,7.39,240,2021-03-24,Current
LN-0002709,MBR-000762,Auto Loan,45982.43,9.09,48,2023-05-30,Current
LN-0002710,MBR-000135,Mortgage,298499.09,5.92,180,2023-12-31,Current
LN-0002711,MBR-000668,Mortgage,140506.85,5.59,180,2020-02-22,Current
LN-0002712,MBR-000943,Credit Card,13410.99,13.92,0,2023-10-31,Current
LN-0002713,MBR-000944,Auto Loan,-54621.64,9.0,60,2024-02-13,Current
LN-0002714,MBR-000318,Personal Loan,24874.49,6.74,48,2024-06-06,Delinquent
LN-0002715,MBR-000627,Credit Card,6161.32,17.25,0,2023-09-03,Current
LN-0002716,MBR-001079,Home Equity,123698.42,9.05,180,2021-07-19,Current
LN-0002717,MBR-000849,Mortgage,140148.66,3.3,360,2023-01-06,Default
LN-0002718,MBR-000658,Auto Loan,11692.83,17.9,36,2022-02-26,Current
LN-0002719,MBR-001089,Credit Card,4878.9,8.37,0,2024-01-12,Delinquent
LN-0002720,MBR-001158,Credit Card,1864.04,5.97,0,2020-07-19,Current
LN-0002721,MBR-001066,Home Equity,47638.87,11.93,120,2019-03-23,Current
LN-0002722,MBR-001194,Home Equity,42245.8,15.26,180,2023-10-16,Current
LN-0002723,MBR-001024,Auto Loan,13792.58,9.06,48,2023-03-21,Current
LN-0002724,MBR-000258,Mortgage,232312.18,3.6,360,2018-08-13,Current
LN-0002725,MBR-000069,Auto Loan,50385.78,4.14,72,2018-01-12,Delinquent
LN-0002726,MBR-000561,Auto Loan,23950.59,9.52,48,2022-03-18,Paid Off
LN-0002727,MBR-000152,Home Equity,101172.88,12.09,180,2023-07-22,Current
LN-0002728,MBR-000181,Auto Loan,44470.24,14.05,60,2019-01-26,Current
LN-0002729,MBR-000750,Auto Loan,49622.63,15.02,60,2024-01-05,Current
LN-0002730,MBR-000504,Personal Loan,16723.31,5.73,24,2020-11-16,Current
LN-0002731,MBR-000486,Auto Loan,-31119.56,4.61,36,2020-07-13,Current
LN-0002732,MBR-000277,Personal Loan,21295.41,5.89,36,2018-07-30,Current
LN-0002733,MBR-000462,Auto Loan,28861.04,8.69,48,2023-09-17,Current
LN-0002734,MBR-000534,Credit Card,9381.6,14.78,0,2023-12-11,Delinquent
LN-0002735,MBR-000737,Personal Loan,24016.14,15.47,24,2023-11-19,Current
LN-0002736,MBR-000796,Auto Loan,46406.38,3.65,60,2023-02-11,Paid Off
LN-0002737,MBR-000032,Personal Loan,17305.78,9.18,36,2023-10-14,Current
LN-0002738,MBR-000815,Personal Loan,23399.49,16.08,48,2019-06-30,Current
LN-0002739,MBR-000038,Auto Loan,21627.47,4.43,36,2018-06-02,Delinquent
LN-0002740,MBR-000505,Personal Loan,6812.31,12.08,12,2021-05-18,Paid Off
LN-0002741,MBR-001122,Personal Loan,4205.83,5.59,24,2024-03-18,Current
LN-0002742,MBR-000005,Home Equity,32766.2,7.67,120,2021-05-05,Current
LN-0002743,MBR-000492,Auto Loan,21192.12,5.41,36,2018-03-03,Current
LN-0002744,MBR-000351,Mortgage,328669.17,4.19,180,2021-09-25,Current
LN-0002745,MBR-000478,Personal Loan,19214.38,12.26,48,2019-04-23,Current
LN-0002746,MBR-001064,Auto Loan,49909.41,15.1,60,2018-08-18,Paid Off
LN-0002747,MBR-000931,Personal Loan,23414.57,6.63,12,2021-01-31,Current
LN-0002748,MBR-000111,Personal Loan,22506.95,6.94,12,2019-06-12,Current
LN-0002749,MBR-000867,Personal Loan,18376.81,9.61,48,2020-03-21,Current
LN-0002750,MBR-001117,Mortgage,341846.59,6.89,180,2024-02-06,Delinquent
LN-0002751,MBR-000320,Auto Loan,32634.07,12.11,48,2020-02-02,Paid Off
LN-0002752,MBR-000170,Auto Loan,61512.21,8.22,48,2020-06-09,Current
LN-0002753,MBR-000057,Credit Card,12996.06,7.72,0,2019-01-28,Paid Off
LN-0002754,MBR-000329,Auto Loan,64278.82,7.15,60,2022-05-08,Current
LN-0002755,MBR-000452,Mortgage,163876.92,6.94,360,2021-11-28,Current
LN-0002756,MBR-000388,Auto Loan,62403.96,7.54,60,2020-03-16,Default
LN-0002757,MBR-000480,Auto Loan,37770.4,10.87,60,2018-11-23,Delinquent
LN-0002758,MBR-000067,Mortgage,355495.1,4.53,240,2022-01-20,Current
LN-0002759,MBR-000977,Auto Loan,-18368.53,13.62,48,2018-02-27,Current
LN-0002760,MBR-001142,Personal Loan,20521.3,10.79,36,2022-06-02,Delinquent
LN-0002761,MBR-000345,Home Equity,28226.5,11.44,180,2022-02-11,Paid Off
LN-0002762,MBR-000781,Mortgage,325891.57,3.63,360,2018-01-03,Delinquent
LN-0002763,MBR-000542,Credit Card,1997.9,5.1,0,2022-02-16,Current
LN-0002764,MBR-000293,Personal Loan,10795.77,9.6,12,2024-05-22,Delinquent
LN-0002765,MBR-000619,Personal Loan,6960.52,9.65,36,2019-11-30,Default
LN-0002766,MBR-000320,Auto Loan,26249.55,15.83,48,2019-07-29,Paid Off
LN-0002767,MBR-000121,Home Equity,137267.3,15.7,60,2023-05-14,Current
LN-0002768,MBR-000246,Auto Loan,11702.64,13.3,72,2023-12-26,Current
LN-0002769,MBR-000748,Auto Loan,63179.77,4.63,48,2019-11-01,Paid Off
LN-0002770,MBR-000910,Auto Loan,39294.35,4.4,72,2022-04-11,Current
LN-0002771,MBR-000477,Auto Loan,64011.88,14.19,72,2023-11-18,Current
LN-0002772,MBR-000277,Auto Loan,55840.65,7.7,36,2022-03-04,Current
LN-0002773,MBR-001043,Personal Loan,18194.99,12.97,12,2021-02-18,Current
LN-0002774,MBR-000127,Personal Loan,17767.17,13.47,36,2024-05-23,Current
LN-0002775,MBR-000849,Auto Loan,58626.04,4.74,36,2018-08-30,Current
LN-0002776,MBR-000154,Auto Loan,27836.91,14.89,48,2018-12-28,Current
LN-0002777,MBR-000793,Personal Loan,19498.4,9.95,36,2019-04-20,Current
LN-0002778,MBR-000681,Personal Loan,14603.38,5.25,24,2023-02-19,Current
LN-0002779,MBR-001106,Personal Loan,3513.22,8.36,12,2018-11-21,Paid Off
LN-0002780,MBR-000198,Auto Loan,50830.07,12.44,60,2019-04-04,Current
LN-0002781,MBR-000022,Mortgage,432897.58,6.93,180,2021-07-24,Current
LN-0002782,MBR-001023,Credit Card,3209.94,3.6,0,2021-08-11,Delinquent
LN-0002783,MBR-000363,Personal Loan,1480.02,11.0,12,2024-11-02,Current
LN-0002784,MBR-000481,Personal Loan,3379.23,3.72,24,2018-11-01,Default
LN-0002785,MBR-000551,Credit Card,873.23,12.13,0,2019-11-06,Default
LN-0002786,MBR-000278,Home Equity,129116.27,12.82,180,2023-11-04,Current
LN-0002787,MBR-000527,Mortgage,376193.13,4.19,180,2021-05-05,Delinquent
LN-0002788,MBR-000356,Personal Loan,13781.11,13.79,48,2022-11-27,Paid Off
LN-0002789,MBR-000144,Student Loan,17829.52,,120,2023-04-03,Current
LN-0002790,MBR-000965,Personal Loan,-13399.71,,48,2023-02-23,Current
LN-0002791,MBR-000276,Auto Loan,11067.07,12.34,48,2022-01-08,Current
LN-0002792,MBR-000199,Student Loan,39080.39,6.09,240,2020-01-09,Delinquent
LN-0002793,MBR-000794,Mortgage,85976.06,5.01,180,2024-08-12,Delinquent
LN-0002794,MBR-000822,Auto Loan,46872.77,16.79,72,2024-07-30,Current
LN-0002795,MBR-001136,Auto Loan,46384.26,12.56,48,2023-05-10,Current
LN-0002796,MBR-001083,Personal Loan,22311.66,6.5,36,2018-06-30,Current
LN-0002797,MBR-000018,Credit Card,5435.34,3.79,0,2018-06-01,Current
LN-0002798,MBR-000447,Auto Loan,43666.81,6.21,36,2024-08-15,Delinquent
LN-0002799,MBR-000760,Credit Card,13957.84,8.02,0,2024-07-24,Current
LN-0002800,MBR-000433,Personal Loan,10418.51,8.89,24,2024-09-08,Current
